pid,category,brand,color,quality,price
0,Laptop,Apple,silver,0.95,1379
1,Laptop,Apple,grey,0.75,1113
2,Laptop,Apple,starlight,0.95,1257
3,Laptop,Apple,starlight,0.8,1106
4,Laptop,Apple,grey,0.85,1163
5,Laptop,Apple,starlight,0.95,1356
6,Laptop,Apple,grey,0.95,1349
7,Laptop,Apple,silver,0.7,1048
8,Laptop,Apple,silver,0.95,1412
9,Laptop,Apple,grey,0.8,1047
10,Laptop,Apple,starlight,0.85,1173
11,Laptop,Apple,starlight,0.95,1365
12,Laptop,Apple,grey,0.8,1152
13,Laptop,Apple,grey,0.75,1048
14,Laptop,Apple,grey,0.95,1329
15,Laptop,Apple,midnight,0.8,1062
16,Laptop,Apple,starlight,0.75,1045
17,Laptop,Apple,starlight,0.7,999
18,Laptop,Apple,silver,0.8,1159
19,Laptop,Apple,silver,0.85,1244
20,Laptop,Apple,starlight,0.95,1249
21,Laptop,Apple,grey,0.95,1301
22,Laptop,Apple,silver,0.9,1301
23,Laptop,Apple,midnight,0.7,997
24,Laptop,Apple,grey,0.85,1208
25,Laptop,Apple,grey,0.95,1294
26,Laptop,Apple,grey,0.75,1083
27,Laptop,Apple,starlight,0.7,945
28,Laptop,Apple,grey,0.9,1343
29,Laptop,Apple,starlight,0.75,1056
30,Laptop,Apple,starlight,0.7,1049
31,Laptop,Apple,midnight,0.95,1249
32,Laptop,Apple,grey,0.95,1345
33,Laptop,Apple,silver,0.95,1397
34,Laptop,Apple,grey,0.85,1151
35,Laptop,Apple,starlight,0.85,1191
36,Laptop,Apple,starlight,0.75,1047
37,Laptop,Apple,midnight,0.75,1073
38,Laptop,Apple,grey,0.7,1043
39,Laptop,Apple,silver,0.85,1164
40,Laptop,Apple,grey,0.7,1009
41,Laptop,Apple,starlight,0.9,1327
42,Laptop,Apple,midnight,0.9,1185
43,Laptop,Apple,midnight,0.85,1258
44,Laptop,Apple,starlight,0.75,1070
45,Laptop,Apple,midnight,0.85,1153
46,Laptop,Apple,grey,0.9,1295
47,Laptop,Apple,starlight,0.75,1089
48,Laptop,Apple,midnight,0.8,1085
49,Laptop,Apple,starlight,0.75,1060
50,Laptop,Apple,midnight,0.85,1148
51,Laptop,Apple,starlight,0.95,1271
52,Laptop,Apple,midnight,0.7,955
53,Laptop,Apple,starlight,0.95,1409
54,Laptop,Apple,starlight,0.7,988
55,Laptop,Apple,midnight,0.85,1173
56,Laptop,Apple,midnight,0.75,1093
57,Laptop,Apple,starlight,0.8,1134
58,Laptop,Apple,starlight,0.7,920
59,Laptop,Apple,grey,0.8,1068
60,Laptop,Apple,grey,0.75,1022
61,Laptop,Apple,grey,0.95,1281
62,Laptop,Apple,starlight,0.9,1330
63,Laptop,Apple,midnight,0.75,984
64,Laptop,Apple,starlight,0.9,1277
65,Laptop,Apple,midnight,0.85,1182
66,Laptop,Apple,starlight,0.8,1093
67,Laptop,Apple,silver,0.9,1235
68,Laptop,Apple,grey,0.95,1246
69,Laptop,Apple,starlight,0.8,1190
70,Laptop,Apple,starlight,0.8,1046
71,Laptop,Apple,midnight,0.7,934
72,Laptop,Apple,midnight,0.7,1043
73,Laptop,Apple,grey,0.8,1163
74,Laptop,Apple,silver,0.75,1087
75,Laptop,Apple,grey,0.9,1308
76,Laptop,Apple,silver,0.75,1085
77,Laptop,Apple,starlight,0.9,1294
78,Laptop,Apple,midnight,0.7,1006
79,Laptop,Apple,midnight,0.7,930
80,Laptop,Apple,starlight,0.75,1110
81,Laptop,Apple,silver,0.8,1176
82,Laptop,Apple,midnight,0.95,1362
83,Laptop,Apple,grey,0.9,1311
84,Laptop,Apple,midnight,0.95,1423
85,Laptop,Apple,silver,0.85,1241
86,Laptop,Apple,midnight,0.9,1286
87,Laptop,Apple,starlight,0.95,1344
88,Laptop,Apple,starlight,0.85,1122
89,Laptop,Apple,grey,0.8,1150
90,Laptop,Apple,grey,0.95,1371
91,Laptop,Apple,starlight,0.8,1176
92,Laptop,Apple,midnight,0.75,1056
93,Laptop,Apple,silver,0.8,1192
94,Laptop,Apple,silver,0.9,1237
95,Laptop,Apple,starlight,0.95,1279
96,Laptop,Apple,silver,0.9,1345
97,Laptop,Apple,silver,0.95,1287
98,Laptop,Apple,midnight,0.85,1241
99,Laptop,Apple,grey,0.85,1107
100,Laptop,Apple,silver,0.75,1066
101,Laptop,Apple,midnight,0.9,1319
102,Laptop,Apple,starlight,0.85,1233
103,Laptop,Apple,starlight,0.7,932
104,Laptop,Apple,midnight,0.8,1169
105,Laptop,Apple,grey,0.9,1226
106,Laptop,Apple,starlight,0.85,1147
107,Laptop,Apple,grey,0.8,1107
108,Laptop,Apple,midnight,0.7,964
109,Laptop,Apple,silver,0.75,1061
110,Laptop,Apple,starlight,0.75,1010
111,Laptop,Apple,starlight,0.75,1003
112,Laptop,Apple,midnight,0.95,1331
113,Laptop,Apple,starlight,0.9,1303
114,Laptop,Apple,grey,0.8,1091
115,Laptop,Apple,silver,0.8,1124
116,Laptop,Apple,silver,0.85,1147
117,Laptop,Apple,silver,0.85,1120
118,Laptop,Apple,midnight,0.7,1032
119,Laptop,Apple,starlight,0.75,1058
120,Laptop,Apple,silver,0.95,1283
121,Laptop,Apple,midnight,0.75,1076
122,Laptop,Apple,midnight,0.7,986
123,Laptop,Apple,grey,0.8,1131
124,Laptop,Apple,grey,0.7,944
125,Laptop,Apple,silver,0.7,1015
126,Laptop,Apple,silver,0.75,1006
127,Laptop,Apple,grey,0.7,960
128,Laptop,Apple,starlight,0.75,1114
129,Laptop,Apple,grey,0.8,1168
130,Laptop,Apple,starlight,0.75,1059
131,Laptop,Apple,grey,0.8,1053
132,Laptop,Apple,starlight,0.7,945
133,Laptop,Apple,midnight,0.95,1268
134,Laptop,Apple,starlight,0.85,1246
135,Laptop,Apple,starlight,0.8,1183
136,Laptop,Apple,grey,0.75,1073
137,Laptop,Apple,silver,0.95,1410
138,Laptop,Apple,midnight,0.9,1275
139,Laptop,Apple,starlight,0.8,1169
140,Laptop,Apple,starlight,0.9,1267
141,Laptop,Apple,midnight,0.8,1160
142,Laptop,Apple,silver,0.8,1056
143,Laptop,Apple,starlight,0.7,959
144,Laptop,Apple,grey,0.8,1166
145,Laptop,Apple,midnight,0.9,1264
146,Laptop,Apple,midnight,0.95,1300
147,Laptop,Apple,midnight,0.75,1085
148,Laptop,Apple,midnight,0.75,1009
149,Laptop,Apple,starlight,0.8,1155
150,Laptop,Apple,grey,0.85,1114
151,Laptop,Apple,starlight,0.9,1270
152,Laptop,Apple,starlight,0.9,1205
153,Laptop,Apple,midnight,0.85,1226
154,Laptop,Apple,grey,0.75,1023
155,Laptop,Apple,silver,0.85,1215
156,Laptop,Apple,grey,0.8,1131
157,Laptop,Apple,silver,0.9,1236
158,Laptop,Apple,grey,0.7,1007
159,Laptop,Apple,midnight,0.8,1075
160,Laptop,Apple,starlight,0.75,1032
161,Laptop,Apple,midnight,0.7,960
162,Laptop,Apple,grey,0.75,1120
163,Laptop,Apple,grey,0.9,1299
164,Laptop,Apple,starlight,0.8,1180
165,Laptop,Apple,midnight,0.7,1033
166,Laptop,Apple,silver,0.95,1362
167,Laptop,Apple,midnight,0.7,989
168,Laptop,Apple,silver,0.85,1263
169,Laptop,Apple,midnight,0.7,1030
170,Laptop,Apple,starlight,0.8,1054
171,Laptop,Apple,silver,0.7,994
172,Laptop,Apple,grey,0.75,1026
173,Laptop,Apple,midnight,0.75,1003
174,Laptop,Apple,midnight,0.9,1274
175,Laptop,Apple,silver,0.95,1352
176,Laptop,Apple,midnight,0.85,1257
177,Laptop,Apple,silver,0.75,1060
178,Laptop,Apple,silver,0.85,1116
179,Laptop,Apple,starlight,0.9,1331
180,Laptop,Apple,midnight,0.8,1164
181,Laptop,Apple,silver,0.95,1318
182,Laptop,Apple,midnight,0.7,932
183,Laptop,Apple,midnight,0.8,1071
184,Laptop,Apple,starlight,0.75,1123
185,Laptop,Apple,grey,0.95,1376
186,Laptop,Apple,starlight,0.9,1198
187,Laptop,Apple,silver,0.9,1262
188,Laptop,Apple,midnight,0.85,1137
189,Laptop,Apple,grey,0.95,1307
190,Laptop,Apple,grey,0.7,1030
191,Laptop,Apple,grey,0.7,1019
192,Laptop,Apple,starlight,0.85,1170
193,Laptop,Apple,midnight,0.85,1152
194,Laptop,Apple,starlight,0.95,1340
195,Laptop,Apple,silver,0.8,1115
196,Laptop,Apple,grey,0.8,1067
197,Laptop,Apple,grey,0.95,1249
198,Laptop,Apple,starlight,0.75,996
199,Laptop,Apple,starlight,0.7,1009
200,Laptop,Apple,grey,0.95,1399
201,Laptop,Apple,silver,0.8,1041
202,Laptop,Apple,starlight,0.7,1027
203,Laptop,Apple,midnight,0.85,1167
204,Laptop,Apple,grey,0.95,1386
205,Laptop,Apple,starlight,0.8,1164
206,Laptop,Apple,midnight,0.9,1247
207,Laptop,Apple,grey,0.95,1421
208,Laptop,Apple,starlight,0.8,1179
209,Laptop,Apple,silver,0.9,1331
210,Laptop,Apple,midnight,0.7,918
211,Laptop,Apple,starlight,0.7,1023
212,Laptop,Apple,grey,0.95,1331
213,Laptop,Apple,silver,0.85,1163
214,Laptop,Apple,silver,0.8,1054
215,Laptop,Apple,grey,0.95,1250
216,Laptop,Apple,midnight,0.7,988
217,Laptop,Apple,starlight,0.85,1221
218,Laptop,Apple,starlight,0.8,1084
219,Laptop,Apple,silver,0.9,1171
220,Laptop,Apple,grey,0.7,1044
221,Laptop,Apple,starlight,0.75,987
222,Laptop,Apple,midnight,0.95,1397
223,Laptop,Apple,silver,0.75,1021
224,Laptop,Apple,grey,0.95,1409
225,Laptop,Apple,silver,0.85,1206
226,Laptop,Apple,starlight,0.7,1042
227,Laptop,Apple,midnight,0.7,925
228,Laptop,Apple,grey,0.75,1061
229,Laptop,Apple,starlight,0.7,968
230,Laptop,Apple,midnight,0.7,990
231,Laptop,Apple,silver,0.8,1158
232,Laptop,Apple,starlight,0.7,990
233,Laptop,Apple,starlight,0.8,1153
234,Laptop,Apple,starlight,0.7,969
235,Laptop,Apple,grey,0.8,1051
236,Laptop,Apple,midnight,0.75,1045
237,Laptop,Apple,midnight,0.85,1223
238,Laptop,Apple,grey,0.8,1070
239,Laptop,Apple,grey,0.75,1120
240,Laptop,Apple,starlight,0.7,1019
241,Laptop,Apple,starlight,0.75,1018
242,Laptop,Apple,starlight,0.9,1280
243,Laptop,Apple,midnight,0.75,1081
244,Laptop,Apple,midnight,0.7,1017
245,Laptop,Apple,silver,0.85,1240
246,Laptop,Apple,grey,0.85,1136
247,Laptop,Apple,starlight,0.85,1106
248,Laptop,Apple,starlight,0.95,1292
249,Laptop,Apple,midnight,0.7,1038
250,Laptop,Apple,grey,0.75,1042
251,Laptop,Apple,starlight,0.75,1111
252,Laptop,Apple,silver,0.7,950
253,Laptop,Apple,starlight,0.9,1338
254,Laptop,Apple,midnight,0.9,1226
255,Laptop,Apple,silver,0.85,1158
256,Laptop,Apple,starlight,0.85,1233
257,Laptop,Apple,starlight,0.75,1043
258,Laptop,Apple,grey,0.95,1400
259,Laptop,Apple,grey,0.75,1099
260,Laptop,Apple,silver,0.7,938
261,Laptop,Apple,starlight,0.7,932
262,Laptop,Apple,grey,0.95,1253
263,Laptop,Apple,starlight,0.8,1125
264,Laptop,Apple,silver,0.8,1109
265,Laptop,Apple,silver,0.9,1218
266,Laptop,Apple,starlight,0.8,1092
267,Laptop,Apple,silver,0.9,1237
268,Laptop,Apple,silver,0.7,922
269,Laptop,Apple,midnight,0.7,989
270,Laptop,Apple,starlight,0.75,1017
271,Laptop,Apple,grey,0.95,1301
272,Laptop,Apple,starlight,0.9,1245
273,Laptop,Apple,starlight,0.75,993
274,Laptop,Apple,silver,0.85,1213
275,Laptop,Apple,silver,0.8,1178
276,Laptop,Apple,silver,0.7,1037
277,Laptop,Apple,grey,0.8,1152
278,Laptop,Apple,midnight,0.75,1108
279,Laptop,Apple,grey,0.7,933
280,Laptop,Apple,silver,0.8,1187
281,Laptop,Apple,starlight,0.75,1052
282,Laptop,Apple,grey,0.7,1015
283,Laptop,Apple,midnight,0.8,1046
284,Laptop,Apple,midnight,0.8,1040
285,Laptop,Apple,starlight,0.85,1231
286,Laptop,Apple,starlight,0.95,1272
287,Laptop,Apple,midnight,0.85,1138
288,Laptop,Apple,grey,0.9,1265
289,Laptop,Apple,starlight,0.8,1095
290,Laptop,Apple,silver,0.85,1197
291,Laptop,Apple,starlight,0.75,1004
292,Laptop,Apple,midnight,0.95,1326
293,Laptop,Apple,midnight,0.85,1262
294,Laptop,Apple,midnight,0.95,1399
295,Laptop,Apple,midnight,0.85,1144
296,Laptop,Apple,starlight,0.95,1277
297,Laptop,Apple,midnight,0.85,1208
298,Laptop,Apple,midnight,0.9,1294
299,Laptop,Apple,grey,0.95,1258
300,Laptop,Apple,midnight,0.95,1323
301,Laptop,Apple,starlight,0.95,1368
302,Laptop,Apple,starlight,0.75,1000
303,Laptop,Apple,starlight,0.7,991
304,Laptop,Apple,silver,0.75,1055
305,Laptop,Apple,midnight,0.9,1245
306,Laptop,Apple,starlight,0.85,1208
307,Laptop,Apple,silver,0.85,1242
308,Laptop,Apple,silver,0.8,1045
309,Laptop,Apple,starlight,0.9,1309
310,Laptop,Apple,silver,0.9,1185
311,Laptop,Apple,grey,0.9,1298
312,Laptop,Apple,silver,0.8,1072
313,Laptop,Apple,grey,0.9,1339
314,Laptop,Apple,silver,0.85,1258
315,Laptop,Apple,silver,0.8,1177
316,Laptop,Apple,midnight,0.8,1150
317,Laptop,Apple,grey,0.95,1282
318,Laptop,Apple,midnight,0.95,1328
319,Laptop,Apple,grey,0.95,1403
320,Laptop,Apple,grey,0.85,1219
321,Laptop,Asus,grey,0.9,686
322,Laptop,Asus,black,0.45,311
323,Laptop,Asus,grey,0.95,864
324,Laptop,Asus,grey,0.5,328
325,Laptop,Asus,black,0.4,437
326,Laptop,Asus,grey,0.45,490
327,Laptop,Asus,grey,0.6,420
328,Laptop,Asus,black,0.8,607
329,Laptop,Asus,grey,0.6,594
330,Laptop,Asus,black,0.65,714
331,Laptop,Asus,grey,0.45,446
332,Laptop,Asus,black,0.6,657
333,Laptop,Asus,grey,0.65,639
334,Laptop,Asus,black,0.45,304
335,Laptop,Asus,black,0.65,622
336,Laptop,Asus,black,0.5,457
337,Laptop,Asus,grey,0.75,564
338,Laptop,Asus,black,0.85,791
339,Laptop,Asus,grey,0.5,503
340,Laptop,Asus,black,0.9,968
341,Laptop,Asus,black,0.9,898
342,Laptop,Asus,grey,0.4,410
343,Laptop,Asus,black,0.8,816
344,Laptop,Asus,black,0.95,620
345,Laptop,Asus,grey,0.85,902
346,Laptop,Asus,grey,0.45,286
347,Laptop,Asus,black,0.75,544
348,Laptop,Asus,grey,0.9,954
349,Laptop,Asus,black,0.85,842
350,Laptop,Asus,grey,0.45,360
351,Laptop,Asus,black,0.5,419
352,Laptop,Asus,black,0.65,495
353,Laptop,Asus,black,0.5,502
354,Laptop,Asus,grey,0.7,488
355,Laptop,Asus,black,0.6,594
356,Laptop,Asus,black,0.85,846
357,Laptop,Asus,black,0.6,545
358,Laptop,Asus,grey,0.4,240
359,Laptop,Asus,black,0.45,314
360,Laptop,Asus,grey,0.4,340
361,Laptop,Asus,grey,0.65,494
362,Laptop,Asus,black,0.65,539
363,Laptop,Asus,grey,0.9,958
364,Laptop,Asus,black,0.95,864
365,Laptop,Asus,black,0.85,621
366,Laptop,Asus,black,0.55,566
367,Laptop,Asus,grey,0.5,356
368,Laptop,Asus,grey,0.7,762
369,Laptop,Asus,grey,0.75,679
370,Laptop,Asus,black,0.7,421
371,Laptop,Asus,black,0.6,620
372,Laptop,Asus,grey,0.45,401
373,Laptop,Asus,grey,0.95,627
374,Laptop,Asus,black,0.8,765
375,Laptop,Asus,black,0.7,699
376,Laptop,Asus,black,0.55,356
377,Laptop,Asus,black,0.95,960
378,Laptop,Asus,black,0.8,620
379,Laptop,Asus,black,0.45,274
380,Laptop,Asus,grey,0.5,536
381,Laptop,Asus,black,0.45,399
382,Laptop,Asus,black,0.7,588
383,Laptop,Asus,grey,0.45,465
384,Laptop,Asus,black,0.8,699
385,Laptop,Asus,black,0.85,823
386,Laptop,Asus,black,0.45,341
387,Laptop,Asus,grey,0.7,542
388,Laptop,Asus,black,0.4,433
389,Laptop,Asus,grey,0.4,366
390,Laptop,Asus,grey,0.45,308
391,Laptop,Asus,black,0.45,374
392,Laptop,Asus,grey,0.65,631
393,Laptop,Asus,grey,0.95,573
394,Laptop,Asus,black,0.4,427
395,Laptop,Asus,grey,0.65,694
396,Laptop,Asus,black,0.4,346
397,Laptop,Asus,grey,0.85,620
398,Laptop,Asus,black,0.55,362
399,Laptop,Asus,black,0.75,509
400,Laptop,Asus,black,0.55,573
401,Laptop,Asus,black,0.75,591
402,Laptop,Asus,grey,0.8,814
403,Laptop,Asus,black,0.75,451
404,Laptop,Asus,grey,0.85,850
405,Laptop,Asus,grey,0.55,382
406,Laptop,Asus,grey,0.4,411
407,Laptop,Asus,grey,0.85,901
408,Laptop,Asus,grey,0.65,668
409,Laptop,Asus,grey,0.5,304
410,Laptop,Asus,black,0.65,392
411,Laptop,Asus,grey,0.9,969
412,Laptop,Asus,grey,0.6,560
413,Laptop,Asus,black,0.9,810
414,Laptop,Asus,grey,0.65,682
415,Laptop,Asus,grey,0.65,444
416,Laptop,Asus,black,0.95,662
417,Laptop,Asus,grey,0.55,354
418,Laptop,Asus,grey,0.4,311
419,Laptop,Asus,black,0.6,499
420,Laptop,Asus,grey,0.4,247
421,Laptop,Asus,black,0.4,269
422,Laptop,Asus,grey,0.85,889
423,Laptop,Asus,black,0.6,512
424,Laptop,Asus,black,0.8,774
425,Laptop,Asus,black,0.4,290
426,Laptop,Asus,black,0.5,422
427,Laptop,Asus,grey,0.65,537
428,Laptop,Asus,grey,0.6,597
429,Laptop,Asus,grey,0.55,528
430,Laptop,Asus,black,0.65,694
431,Laptop,Asus,black,0.9,764
432,Laptop,Asus,grey,0.85,625
433,Laptop,Asus,grey,0.85,645
434,Laptop,Asus,black,0.9,859
435,Laptop,Asus,black,0.9,944
436,Laptop,Asus,grey,0.8,833
437,Laptop,Asus,grey,0.55,561
438,Laptop,Asus,grey,0.85,865
439,Laptop,Asus,black,0.4,380
440,Laptop,Asus,black,0.6,460
441,Laptop,Asus,black,0.95,661
442,Laptop,Asus,black,0.95,693
443,Laptop,Asus,grey,0.5,526
444,Laptop,Asus,black,0.75,728
445,Laptop,Asus,black,0.75,468
446,Laptop,Asus,black,0.8,533
447,Laptop,Asus,grey,0.8,556
448,Laptop,Asus,black,0.95,619
449,Laptop,Asus,grey,0.9,729
450,Laptop,Asus,black,0.8,801
451,Laptop,Asus,grey,0.5,329
452,Laptop,Asus,grey,0.85,730
453,Laptop,Asus,grey,0.6,651
454,Laptop,Asus,grey,0.75,474
455,Laptop,Asus,black,0.75,464
456,Laptop,Asus,black,0.8,631
457,Laptop,Asus,black,0.9,738
458,Laptop,Asus,black,0.85,511
459,Laptop,Asus,grey,0.4,373
460,Laptop,Asus,grey,0.55,364
461,Laptop,Asus,grey,0.5,431
462,Laptop,Asus,grey,0.7,476
463,Laptop,Asus,black,0.5,385
464,Laptop,Asus,black,0.6,634
465,Laptop,Asus,black,0.6,449
466,Laptop,Asus,black,0.7,441
467,Laptop,Asus,black,0.9,680
468,Laptop,Asus,black,0.95,719
469,Laptop,Asus,black,0.9,767
470,Laptop,Asus,black,0.6,433
471,Laptop,Asus,grey,0.45,353
472,Laptop,Asus,grey,0.65,403
473,Laptop,Asus,grey,0.9,978
474,Laptop,Asus,black,0.7,485
475,Laptop,Asus,black,0.45,361
476,Laptop,Asus,grey,0.4,354
477,Laptop,Asus,grey,0.65,504
478,Laptop,Asus,black,0.95,830
479,Laptop,Asus,grey,0.4,298
480,Laptop,Asus,black,0.5,454
481,Laptop,Asus,black,0.8,544
482,Laptop,Asus,grey,0.75,689
483,Laptop,Asus,grey,0.45,476
484,Laptop,Asus,grey,0.45,459
485,Laptop,Asus,grey,0.85,851
486,Laptop,Asus,black,0.95,614
487,Laptop,Asus,black,0.65,695
488,Laptop,Asus,grey,0.45,492
489,Laptop,Asus,black,0.4,241
490,Laptop,Asus,black,0.95,703
491,Laptop,Asus,grey,0.85,805
492,Laptop,Asus,grey,0.95,634
493,Laptop,Asus,grey,0.9,554
494,Laptop,Asus,black,0.6,481
495,Laptop,Asus,black,0.75,587
496,Laptop,Asus,grey,0.6,549
497,Laptop,Asus,black,0.5,401
498,Laptop,Asus,black,0.7,527
499,Laptop,Asus,grey,0.95,756
500,Laptop,Asus,black,0.55,589
501,Laptop,Asus,black,0.5,506
502,Laptop,Asus,grey,0.5,549
503,Laptop,Asus,grey,0.9,897
504,Laptop,Asus,black,0.95,740
505,Laptop,Asus,grey,0.75,689
506,Laptop,Asus,grey,0.65,493
507,Laptop,Asus,black,0.7,764
508,Laptop,Asus,grey,0.55,560
509,Laptop,Asus,grey,0.4,241
510,Laptop,Asus,grey,0.6,402
511,Laptop,Asus,black,0.4,256
512,Laptop,Asus,black,0.95,974
513,Laptop,Asus,black,0.65,582
514,Laptop,Asus,black,0.65,509
515,Laptop,Asus,grey,0.55,509
516,Laptop,Asus,grey,0.9,548
517,Laptop,Asus,black,0.9,967
518,Laptop,Asus,black,0.95,957
519,Laptop,Asus,grey,0.65,629
520,Laptop,Asus,grey,0.9,854
521,Laptop,Asus,grey,0.75,589
522,Laptop,Asus,grey,0.8,575
523,Laptop,Asus,black,0.65,660
524,Laptop,Asus,black,0.65,646
525,Laptop,Asus,black,0.85,718
526,Laptop,Asus,grey,0.75,530
527,Laptop,Asus,grey,0.8,845
528,Laptop,Asus,grey,0.8,814
529,Laptop,Asus,black,0.4,390
530,Laptop,Asus,black,0.7,666
531,Laptop,Asus,black,0.8,525
532,Laptop,Asus,grey,0.4,259
533,Laptop,Asus,grey,0.55,533
534,Laptop,Asus,black,0.9,781
535,Laptop,Asus,black,0.45,347
536,Laptop,Asus,black,0.5,490
537,Laptop,Asus,grey,0.5,492
538,Laptop,Asus,grey,0.95,742
539,Laptop,Asus,grey,0.4,354
540,Laptop,Asus,black,0.85,807
541,Laptop,Asus,black,0.5,361
542,Laptop,Asus,grey,0.5,413
543,Laptop,Asus,black,0.4,345
544,Laptop,Asus,grey,0.55,465
545,Laptop,Asus,black,0.6,468
546,Laptop,Asus,black,0.6,366
547,Laptop,Asus,black,0.9,760
548,Laptop,Asus,black,0.75,626
549,Laptop,Asus,grey,0.9,695
550,Laptop,Asus,grey,0.75,567
551,Laptop,Asus,grey,0.75,771
552,Laptop,Asus,black,0.75,469
553,Laptop,Asus,black,0.8,720
554,Laptop,Asus,grey,0.4,358
555,Laptop,Asus,grey,0.6,368
556,Laptop,Asus,black,0.45,278
557,Laptop,Asus,grey,0.6,623
558,Laptop,Asus,black,0.45,277
559,Laptop,Asus,black,0.5,303
560,Laptop,Asus,grey,0.7,672
561,Laptop,Asus,black,0.7,437
562,Laptop,Asus,grey,0.45,430
563,Laptop,Asus,grey,0.4,279
564,Laptop,Asus,black,0.8,857
565,Laptop,Asus,black,0.6,538
566,Laptop,Asus,black,0.4,290
567,Laptop,Asus,black,0.45,464
568,Laptop,Asus,black,0.65,695
569,Laptop,Asus,black,0.85,891
570,Laptop,Asus,black,0.55,375
571,Laptop,Asus,grey,0.9,688
572,Laptop,Asus,black,0.95,610
573,Laptop,Asus,grey,0.65,703
574,Laptop,Asus,grey,0.6,394
575,Laptop,Asus,grey,0.95,934
576,Laptop,Asus,black,0.75,487
577,Laptop,Asus,black,0.75,781
578,Laptop,Vaio,black,0.85,528
579,Laptop,Vaio,black,0.55,418
580,Laptop,Vaio,black,0.4,249
581,Laptop,Vaio,grey,0.7,694
582,Laptop,Vaio,black,0.55,453
583,Laptop,Vaio,grey,0.5,383
584,Laptop,Vaio,black,0.95,599
585,Laptop,Vaio,grey,0.85,980
586,Laptop,Vaio,grey,0.95,664
587,Laptop,Vaio,black,0.8,648
588,Laptop,Vaio,grey,0.45,608
589,Laptop,Vaio,grey,0.45,396
590,Laptop,Vaio,grey,0.55,641
591,Laptop,Vaio,grey,0.9,984
592,Laptop,Vaio,grey,0.45,601
593,Laptop,Vaio,black,0.6,639
594,Laptop,Vaio,black,0.75,674
595,Laptop,Vaio,black,0.4,532
596,Laptop,Vaio,grey,0.45,507
597,Laptop,Vaio,black,0.9,1036
598,Laptop,Vaio,grey,0.45,585
599,Laptop,Vaio,black,0.7,978
600,Laptop,Vaio,black,0.9,744
601,Laptop,Vaio,black,0.95,696
602,Laptop,Vaio,black,0.95,878
603,Laptop,Vaio,grey,0.4,479
604,Laptop,Vaio,grey,0.5,626
605,Laptop,Vaio,black,0.7,746
606,Laptop,Vaio,grey,0.4,515
607,Laptop,Vaio,grey,0.65,732
608,Laptop,Vaio,black,0.75,816
609,Laptop,Vaio,black,0.75,898
610,Laptop,Vaio,black,0.6,542
611,Laptop,Vaio,grey,0.65,475
612,Laptop,Vaio,grey,0.95,1320
613,Laptop,Vaio,black,0.7,891
614,Laptop,Vaio,black,0.85,1015
615,Laptop,Vaio,black,0.4,421
616,Laptop,Vaio,grey,0.7,712
617,Laptop,Vaio,grey,0.6,771
618,Laptop,Vaio,black,0.75,708
619,Laptop,Vaio,grey,0.95,589
620,Laptop,Vaio,black,0.55,668
621,Laptop,Vaio,grey,0.45,434
622,Laptop,Vaio,grey,0.8,1005
623,Laptop,Vaio,black,0.5,520
624,Laptop,Vaio,grey,0.85,947
625,Laptop,Vaio,black,0.8,556
626,Laptop,Vaio,grey,0.8,931
627,Laptop,Vaio,grey,0.65,646
628,Laptop,Vaio,grey,0.4,245
629,Laptop,Vaio,grey,0.9,644
630,Laptop,Vaio,black,0.95,762
631,Laptop,Vaio,grey,0.45,555
632,Laptop,Vaio,grey,0.75,554
633,Laptop,Vaio,grey,0.75,623
634,Laptop,Vaio,black,0.75,913
635,Laptop,Vaio,black,0.45,582
636,Laptop,Vaio,grey,0.95,1041
637,Laptop,Vaio,black,0.7,733
638,Laptop,Vaio,grey,0.85,608
639,Laptop,Vaio,black,0.6,610
640,Laptop,Vaio,grey,0.45,351
641,Laptop,Vaio,black,0.45,526
642,Laptop,Vaio,black,0.75,713
643,Laptop,Vaio,black,0.45,566
644,Laptop,Vaio,black,0.5,405
645,Laptop,Vaio,black,0.75,910
646,Laptop,Vaio,black,0.55,625
647,Laptop,Vaio,black,0.65,639
648,Laptop,Vaio,grey,0.65,754
649,Laptop,Vaio,grey,0.4,301
650,Laptop,Vaio,grey,0.5,660
651,Laptop,Vaio,black,0.8,957
652,Laptop,Vaio,black,0.6,748
653,Laptop,Vaio,black,0.55,592
654,Laptop,Vaio,grey,0.6,624
655,Laptop,Vaio,grey,0.7,613
656,Laptop,Vaio,black,0.4,442
657,Laptop,Vaio,black,0.55,685
658,Laptop,Vaio,grey,0.5,569
659,Laptop,Vaio,grey,0.45,483
660,Laptop,Vaio,grey,0.95,1011
661,Laptop,Vaio,grey,0.8,1105
662,Laptop,Vaio,grey,0.55,726
663,Laptop,Vaio,black,0.4,419
664,Laptop,Vaio,grey,0.85,1125
665,Laptop,Vaio,grey,0.65,812
666,Laptop,Vaio,black,0.75,689
667,Laptop,Vaio,black,0.75,628
668,Laptop,Vaio,grey,0.6,725
669,Laptop,Vaio,grey,0.8,979
670,Laptop,Vaio,grey,0.85,1053
671,Laptop,Vaio,black,0.55,599
672,Laptop,Vaio,black,0.55,610
673,Laptop,Vaio,grey,0.6,387
674,Laptop,Vaio,grey,0.55,584
675,Laptop,Vaio,black,0.55,469
676,Laptop,Vaio,grey,0.9,886
677,Laptop,Vaio,grey,0.9,1137
678,Laptop,Vaio,grey,0.45,454
679,Laptop,Vaio,grey,0.45,407
680,Laptop,Vaio,grey,0.45,290
681,Laptop,Vaio,grey,0.8,759
682,Laptop,Vaio,black,0.7,434
683,Laptop,Vaio,black,0.95,966
684,Laptop,Vaio,grey,0.45,457
685,Laptop,Vaio,grey,0.5,354
686,Laptop,Vaio,grey,0.65,509
687,Laptop,Vaio,grey,0.55,457
688,Laptop,Vaio,black,0.5,658
689,Laptop,Vaio,grey,0.4,446
690,Laptop,Vaio,black,0.5,300
691,Laptop,Vaio,black,0.8,503
692,Laptop,Vaio,grey,0.4,252
693,Laptop,Vaio,grey,0.55,453
694,Laptop,Vaio,grey,0.7,543
695,Laptop,Vaio,black,0.8,694
696,Laptop,Vaio,black,0.45,303
697,Laptop,Vaio,grey,0.55,498
698,Laptop,Vaio,black,0.8,920
699,Laptop,Vaio,grey,0.7,541
700,Laptop,Vaio,grey,0.65,464
701,Laptop,Vaio,black,0.45,274
702,Laptop,Vaio,grey,0.55,380
703,Laptop,Vaio,grey,0.95,1199
704,Laptop,Vaio,grey,0.45,488
705,Laptop,Vaio,black,0.7,805
706,Laptop,Vaio,grey,0.5,673
707,Laptop,Vaio,grey,0.7,614
708,Laptop,Vaio,grey,0.4,247
709,Laptop,Vaio,black,0.6,741
710,Laptop,Vaio,grey,0.45,624
711,Laptop,Vaio,grey,0.8,627
712,Laptop,Vaio,grey,0.95,1192
713,Laptop,Vaio,black,0.8,1101
714,Laptop,Vaio,black,0.95,1212
715,Laptop,Vaio,grey,0.6,513
716,Laptop,Vaio,black,0.55,489
717,Laptop,Vaio,black,0.45,527
718,Laptop,Vaio,grey,0.9,1193
719,Laptop,Vaio,grey,0.65,603
720,Laptop,Vaio,black,0.7,963
721,Laptop,Vaio,grey,0.75,540
722,Laptop,Vaio,grey,0.95,1151
723,Laptop,Vaio,grey,0.45,545
724,Laptop,Vaio,grey,0.4,524
725,Laptop,Vaio,black,0.65,814
726,Laptop,Vaio,grey,0.75,811
727,Laptop,Vaio,black,0.8,800
728,Laptop,Vaio,grey,0.8,1041
729,Laptop,Vaio,black,0.65,485
730,Laptop,Vaio,black,0.65,603
731,Laptop,Vaio,grey,0.6,489
732,Laptop,Vaio,black,0.5,626
733,Laptop,Vaio,black,0.95,1006
734,Laptop,Vaio,grey,0.6,515
735,Laptop,Vaio,grey,0.6,405
736,Laptop,Vaio,black,0.7,846
737,Laptop,Vaio,grey,0.85,1081
738,Laptop,Vaio,grey,0.85,649
739,Laptop,Vaio,black,0.55,588
740,Laptop,Vaio,grey,0.6,585
741,Laptop,Vaio,black,0.65,543
742,Laptop,Vaio,grey,0.4,430
743,Laptop,Vaio,black,0.95,1028
744,Laptop,Vaio,grey,0.4,518
745,Laptop,Vaio,black,0.75,626
746,Laptop,Vaio,black,0.5,456
747,Laptop,Vaio,grey,0.85,866
748,Laptop,Vaio,black,0.55,369
749,Laptop,Vaio,grey,0.8,696
750,Laptop,Vaio,black,0.6,506
751,Laptop,Vaio,black,0.45,531
752,Laptop,Vaio,grey,0.85,860
753,Laptop,Vaio,grey,0.9,769
754,Laptop,Vaio,black,0.85,538
755,Laptop,Vaio,black,0.4,308
756,Laptop,Vaio,black,0.4,242
757,Laptop,Vaio,grey,0.7,664
758,Laptop,Vaio,black,0.65,686
759,Laptop,Vaio,black,0.45,272
760,Laptop,Vaio,grey,0.75,744
761,Laptop,Vaio,grey,0.8,869
762,Laptop,Vaio,black,0.8,985
763,Laptop,Vaio,black,0.85,577
764,Laptop,Vaio,black,0.45,349
765,Laptop,Vaio,black,0.6,589
766,Laptop,Vaio,black,0.45,322
767,Laptop,Vaio,black,0.55,462
768,Laptop,Vaio,black,0.45,454
769,Laptop,Vaio,black,0.65,886
770,Laptop,Vaio,grey,0.5,614
771,Laptop,Vaio,grey,0.45,471
772,Laptop,Vaio,grey,0.65,896
773,Laptop,Vaio,grey,0.8,966
774,Laptop,Vaio,black,0.5,366
775,Laptop,Vaio,grey,0.85,844
776,Laptop,Vaio,grey,0.45,281
777,Laptop,Vaio,black,0.45,474
778,Laptop,Vaio,black,0.65,588
779,Laptop,Vaio,grey,0.8,1077
780,Laptop,Vaio,grey,0.85,799
781,Laptop,Vaio,grey,0.7,921
782,Laptop,Vaio,grey,0.9,797
783,Laptop,Vaio,grey,0.45,496
784,Laptop,Vaio,black,0.85,618
785,Laptop,Vaio,black,0.65,827
786,Laptop,Vaio,grey,0.9,1001
787,Laptop,Vaio,black,0.95,1123
788,Laptop,Vaio,grey,0.45,454
789,Laptop,Vaio,black,0.85,624
790,Laptop,Vaio,black,0.85,539
791,Laptop,Vaio,black,0.45,606
792,Laptop,Vaio,black,0.45,447
793,Laptop,Vaio,black,0.45,440
794,Laptop,Vaio,grey,0.65,582
795,Laptop,Vaio,grey,0.55,566
796,Laptop,Vaio,black,0.5,417
797,Laptop,Vaio,black,0.4,552
798,Laptop,Vaio,grey,0.9,609
799,Laptop,Vaio,grey,0.7,839
800,Laptop,Vaio,black,0.55,485
801,Laptop,Vaio,grey,0.5,429
802,Laptop,Vaio,black,0.85,808
803,Laptop,Vaio,grey,0.4,347
804,Laptop,Vaio,black,0.7,678
805,Laptop,Vaio,black,0.45,461
806,Laptop,Vaio,grey,0.4,309
807,Laptop,Vaio,grey,0.65,442
808,Laptop,Vaio,grey,0.4,386
809,Laptop,Vaio,grey,0.75,861
810,Laptop,Vaio,black,0.55,556
811,Laptop,Vaio,grey,0.45,364
812,Laptop,Vaio,black,0.9,678
813,Laptop,Vaio,grey,0.6,644
814,Laptop,Vaio,black,0.45,454
815,Laptop,Vaio,grey,0.95,692
816,Laptop,Vaio,grey,0.85,550
817,Laptop,Vaio,black,0.6,543
818,Laptop,Vaio,grey,0.8,677
819,Laptop,Vaio,grey,0.9,668
820,Laptop,Vaio,grey,0.5,320
821,Laptop,Vaio,grey,0.75,854
822,Laptop,Vaio,black,0.8,706
823,Laptop,Vaio,black,0.45,566
824,Laptop,Vaio,black,0.55,613
825,Laptop,Vaio,grey,0.45,462
826,Laptop,Vaio,black,0.7,640
827,Laptop,Vaio,black,0.75,704
828,Laptop,Vaio,grey,0.85,551
829,Laptop,Vaio,grey,0.9,1010
830,Laptop,Vaio,grey,0.95,967
831,Laptop,Vaio,black,0.65,466
832,Laptop,Vaio,black,0.8,1084
833,Laptop,Vaio,black,0.75,715
834,Laptop,Vaio,black,0.9,722
835,Laptop,Vaio,grey,0.7,485
836,Laptop,Vaio,black,0.75,583
837,Laptop,Vaio,black,0.55,366
838,Laptop,Vaio,black,0.45,312
839,Laptop,Vaio,black,0.65,906
840,Laptop,Vaio,black,0.85,621
841,Laptop,Vaio,grey,0.6,789
842,Laptop,Vaio,black,0.75,681
843,Laptop,Vaio,black,0.5,645
844,Laptop,Vaio,black,0.55,401
845,Laptop,Vaio,grey,0.7,688
846,Laptop,Vaio,grey,0.4,538
847,Laptop,Vaio,black,0.7,821
848,Laptop,Vaio,black,0.55,592
849,Laptop,Vaio,grey,0.45,387
850,Laptop,Vaio,grey,0.6,833
851,Laptop,Vaio,grey,0.9,1164
852,Laptop,Vaio,black,0.65,601
853,Laptop,Vaio,grey,0.5,436
854,Laptop,Vaio,black,0.5,554
855,Laptop,Vaio,grey,0.75,934
856,Laptop,Vaio,grey,0.6,828
857,Laptop,Vaio,black,0.95,1305
858,Laptop,Vaio,grey,0.9,551
859,Laptop,Vaio,grey,0.75,679
860,Laptop,Vaio,grey,0.9,1004
861,Laptop,Vaio,black,0.95,710
862,Laptop,Vaio,black,0.9,712
863,Laptop,Vaio,grey,0.7,428
864,Laptop,Vaio,grey,0.9,791
865,Laptop,Vaio,black,0.6,370
866,Laptop,Vaio,grey,0.45,452
867,Laptop,Vaio,black,0.55,695
868,Laptop,Vaio,grey,0.7,966
869,Laptop,Vaio,black,0.8,1071
870,Laptop,Vaio,grey,0.9,1212
871,Laptop,Vaio,grey,0.9,899
872,Laptop,Vaio,grey,0.9,939
873,Laptop,Vaio,grey,0.85,539
874,Laptop,Vaio,black,0.5,495
875,Laptop,Vaio,grey,0.5,605
876,Laptop,Vaio,grey,0.55,452
877,Laptop,Vaio,grey,0.6,723
878,Laptop,Vaio,grey,0.55,697
879,Laptop,Vaio,grey,0.95,573
880,Laptop,Vaio,grey,0.7,692
881,Laptop,Vaio,grey,0.9,944
882,Laptop,Vaio,black,0.8,626
883,Laptop,Vaio,black,0.4,380
884,Laptop,Vaio,grey,0.9,809
885,Laptop,Vaio,black,0.85,828
886,Laptop,Vaio,grey,0.45,408
887,Laptop,Vaio,black,0.45,298
888,Laptop,Vaio,black,0.95,900
889,Laptop,Vaio,grey,0.65,825
890,Laptop,Vaio,black,0.45,377
891,Laptop,Vaio,black,0.4,423
892,Laptop,Vaio,black,0.85,1105
893,Laptop,Vaio,black,0.4,331
894,Laptop,Vaio,black,0.65,555
895,Laptop,Vaio,grey,0.7,755
896,Laptop,Vaio,black,0.55,369
897,Laptop,Vaio,black,0.55,645
898,Laptop,Vaio,black,0.45,598
899,Laptop,Vaio,black,0.55,550
900,Laptop,Vaio,black,0.75,495
901,Laptop,Vaio,grey,0.8,683
902,Laptop,Vaio,black,0.45,564
903,Laptop,Vaio,black,0.6,609
904,Laptop,Vaio,black,0.8,596
905,Laptop,Vaio,black,0.85,1158
906,Laptop,Vaio,black,0.6,799
907,Laptop,Vaio,grey,0.4,284
908,Laptop,Vaio,black,0.6,726
909,Laptop,Vaio,grey,0.4,302
910,Laptop,Vaio,grey,0.5,623
911,Laptop,Vaio,grey,0.8,545
912,Laptop,Vaio,grey,0.95,607
913,Laptop,Vaio,black,0.75,905
914,Laptop,Vaio,grey,0.55,611
915,Laptop,Vaio,black,0.65,896
916,Laptop,Vaio,grey,0.9,664
917,Laptop,Vaio,black,0.75,668
918,Laptop,Vaio,black,0.5,491
919,Laptop,Vaio,black,0.4,390
920,Laptop,Vaio,black,0.65,844
921,Laptop,Vaio,black,0.45,421
922,Laptop,Vaio,grey,0.85,538
923,Laptop,Vaio,black,0.55,434
924,Laptop,Vaio,black,0.8,672
925,Laptop,Vaio,grey,0.9,574
926,Laptop,Vaio,black,0.75,687
927,Laptop,Vaio,grey,0.9,1043
928,Laptop,Vaio,grey,0.7,770
929,Laptop,Vaio,black,0.4,415
930,Laptop,Vaio,grey,0.75,977
931,Laptop,Vaio,black,0.55,643
932,Laptop,Vaio,black,0.85,562
933,Laptop,Vaio,grey,0.4,351
934,Laptop,HP,grey,0.9,816
935,Laptop,HP,black,0.45,308
936,Laptop,HP,black,0.45,285
937,Laptop,HP,black,0.5,516
938,Laptop,HP,black,0.2,172
939,Laptop,HP,black,0.3,311
940,Laptop,HP,grey,0.35,254
941,Laptop,HP,grey,0.7,531
942,Laptop,HP,black,0.95,984
943,Laptop,HP,grey,0.9,776
944,Laptop,HP,black,0.85,855
945,Laptop,HP,grey,0.4,295
946,Laptop,HP,grey,0.8,721
947,Laptop,HP,grey,0.25,157
948,Laptop,HP,grey,0.25,222
949,Laptop,HP,black,0.3,230
950,Laptop,HP,grey,0.35,333
951,Laptop,HP,black,0.4,253
952,Laptop,HP,grey,0.95,930
953,Laptop,HP,grey,0.75,721
954,Laptop,HP,grey,0.75,584
955,Laptop,HP,grey,0.8,624
956,Laptop,HP,black,0.55,572
957,Laptop,HP,black,0.65,619
958,Laptop,HP,grey,0.85,640
959,Laptop,HP,black,0.95,838
960,Laptop,HP,grey,0.45,471
961,Laptop,HP,black,0.25,265
962,Laptop,HP,black,0.85,705
963,Laptop,HP,grey,0.9,730
964,Laptop,HP,grey,0.45,463
965,Laptop,HP,black,0.7,493
966,Laptop,HP,black,0.35,375
967,Laptop,HP,grey,0.9,558
968,Laptop,HP,black,0.65,400
969,Laptop,HP,black,0.45,270
970,Laptop,HP,grey,0.65,491
971,Laptop,HP,grey,0.3,256
972,Laptop,HP,black,0.25,262
973,Laptop,HP,black,0.4,343
974,Laptop,HP,grey,0.55,409
975,Laptop,HP,grey,0.65,397
976,Laptop,HP,grey,0.45,377
977,Laptop,HP,black,0.25,192
978,Laptop,HP,black,0.25,229
979,Laptop,HP,grey,0.55,587
980,Laptop,HP,black,0.45,351
981,Laptop,HP,black,0.85,614
982,Laptop,HP,black,0.95,888
983,Laptop,HP,grey,0.6,363
984,Laptop,HP,grey,0.55,449
985,Laptop,HP,grey,0.6,608
986,Laptop,HP,grey,0.7,632
987,Laptop,HP,black,0.7,560
988,Laptop,HP,black,0.65,400
989,Laptop,HP,grey,0.2,211
990,Laptop,HP,black,0.9,802
991,Laptop,HP,black,0.25,171
992,Laptop,HP,grey,0.7,716
993,Laptop,HP,grey,0.7,421
994,Laptop,HP,black,0.7,484
995,Laptop,HP,grey,0.8,695
996,Laptop,HP,black,0.8,648
997,Laptop,HP,grey,0.4,255
998,Laptop,HP,black,0.45,290
999,Laptop,HP,black,0.8,657
1000,Laptop,HP,black,0.75,698
1001,Laptop,HP,grey,0.25,187
1002,Laptop,HP,black,0.9,704
1003,Laptop,HP,black,0.95,890
1004,Laptop,HP,grey,0.6,574
1005,Laptop,HP,black,0.75,470
1006,Laptop,HP,black,0.5,447
1007,Laptop,HP,black,0.5,405
1008,Laptop,HP,black,0.6,629
1009,Laptop,HP,black,0.55,450
1010,Laptop,HP,grey,0.4,326
1011,Laptop,HP,black,0.85,566
1012,Laptop,HP,grey,0.9,784
1013,Laptop,HP,grey,0.2,160
1014,Laptop,HP,black,0.75,787
1015,Laptop,HP,grey,0.95,893
1016,Laptop,HP,grey,0.6,445
1017,Laptop,HP,grey,0.35,331
1018,Laptop,HP,black,0.9,708
1019,Laptop,HP,grey,0.35,235
1020,Laptop,HP,black,0.25,150
1021,Laptop,HP,grey,0.7,460
1022,Laptop,HP,black,0.65,434
1023,Laptop,HP,black,0.35,217
1024,Laptop,HP,black,0.95,975
1025,Laptop,HP,black,0.2,127
1026,Laptop,HP,grey,0.65,496
1027,Laptop,HP,grey,0.4,318
1028,Laptop,HP,black,0.3,290
1029,Laptop,HP,grey,0.6,547
1030,Laptop,HP,black,0.45,285
1031,Laptop,HP,grey,0.65,419
1032,Laptop,HP,grey,0.8,709
1033,Laptop,HP,grey,0.85,690
1034,Laptop,HP,grey,0.7,698
1035,Laptop,HP,grey,0.35,352
1036,Laptop,HP,black,0.85,648
1037,Laptop,HP,grey,0.25,265
1038,Laptop,HP,black,0.7,705
1039,Laptop,HP,black,0.55,373
1040,Laptop,HP,grey,0.9,853
1041,Laptop,HP,grey,0.65,607
1042,Laptop,HP,black,0.9,643
1043,Laptop,HP,black,0.25,224
1044,Laptop,HP,grey,0.75,752
1045,Laptop,HP,black,0.4,280
1046,Laptop,HP,black,0.45,442
1047,Laptop,HP,black,0.65,616
1048,Laptop,HP,black,0.45,471
1049,Laptop,HP,black,0.7,553
1050,Laptop,HP,grey,0.35,236
1051,Laptop,HP,grey,0.4,392
1052,Laptop,HP,black,0.35,370
1053,Laptop,HP,black,0.7,460
1054,Laptop,HP,grey,0.4,249
1055,Laptop,HP,grey,0.65,592
1056,Laptop,HP,grey,0.5,379
1057,Laptop,HP,grey,0.3,279
1058,Laptop,HP,black,0.2,188
1059,Laptop,HP,black,0.25,204
1060,Laptop,HP,black,0.2,122
1061,Laptop,HP,grey,0.2,218
1062,Laptop,HP,grey,0.4,307
1063,Laptop,HP,black,0.2,145
1064,Laptop,HP,black,0.95,679
1065,Laptop,HP,grey,0.25,188
1066,Laptop,HP,black,0.85,909
1067,Laptop,HP,black,0.8,604
1068,Laptop,HP,black,0.55,466
1069,Laptop,HP,black,0.9,704
1070,Laptop,HP,black,0.75,567
1071,Laptop,HP,black,0.85,881
1072,Laptop,HP,black,0.55,578
1073,Laptop,HP,grey,0.75,639
1074,Laptop,HP,grey,0.35,285
1075,Laptop,HP,black,0.45,400
1076,Laptop,HP,black,0.45,348
1077,Laptop,HP,black,0.7,701
1078,Laptop,HP,black,0.2,134
1079,Laptop,HP,black,0.55,597
1080,Laptop,HP,black,0.45,451
1081,Laptop,HP,grey,0.6,533
1082,Laptop,HP,grey,0.95,743
1083,Laptop,HP,grey,0.9,847
1084,Laptop,HP,grey,0.9,897
1085,Laptop,HP,black,0.75,747
1086,Laptop,HP,grey,0.9,865
1087,Laptop,HP,grey,0.6,600
1088,Laptop,HP,grey,0.4,420
1089,Laptop,HP,grey,0.85,735
1090,Laptop,HP,grey,0.35,353
1091,Laptop,HP,grey,0.5,371
1092,Laptop,HP,black,0.35,291
1093,Laptop,HP,black,0.75,668
1094,Laptop,HP,black,0.75,658
1095,Laptop,HP,grey,0.55,431
1096,Laptop,HP,grey,0.3,234
1097,Laptop,HP,black,0.85,779
1098,Laptop,HP,black,0.7,507
1099,Laptop,HP,grey,0.95,1029
1100,Laptop,HP,grey,0.75,596
1101,Laptop,HP,black,0.65,418
1102,Laptop,HP,black,0.2,193
1103,Laptop,HP,grey,0.3,278
1104,Laptop,HP,grey,0.3,227
1105,Laptop,HP,black,0.5,549
1106,Laptop,HP,grey,0.4,425
1107,Laptop,HP,black,0.45,458
1108,Laptop,HP,grey,0.5,322
1109,Laptop,HP,grey,0.25,180
1110,Laptop,HP,grey,0.8,636
1111,Laptop,HP,grey,0.4,280
1112,Laptop,HP,black,0.85,710
1113,Laptop,HP,grey,0.75,719
1114,Laptop,HP,grey,0.8,581
1115,Laptop,HP,black,0.85,531
1116,Laptop,HP,black,0.65,634
1117,Laptop,HP,black,0.35,266
1118,Laptop,HP,black,0.35,237
1119,Laptop,HP,black,0.3,277
1120,Laptop,HP,black,0.95,973
1121,Laptop,HP,grey,0.25,241
1122,Laptop,HP,black,0.4,255
1123,Laptop,HP,grey,0.5,491
1124,Laptop,HP,black,0.2,142
1125,Laptop,HP,grey,0.35,354
1126,Laptop,HP,black,0.3,285
1127,Laptop,HP,grey,0.3,274
1128,Laptop,HP,grey,0.6,646
1129,Laptop,HP,black,0.3,278
1130,Laptop,HP,black,0.95,980
1131,Laptop,HP,black,0.7,427
1132,Laptop,HP,black,0.85,922
1133,Laptop,HP,black,0.5,387
1134,Laptop,HP,grey,0.75,796
1135,Laptop,HP,black,0.95,970
1136,Laptop,HP,grey,0.9,698
1137,Laptop,HP,grey,0.75,571
1138,Laptop,HP,black,0.95,885
1139,Laptop,HP,black,0.75,693
1140,Laptop,HP,grey,0.6,566
1141,Laptop,HP,grey,0.5,339
1142,Laptop,HP,black,0.55,543
1143,Laptop,HP,grey,0.85,727
1144,Laptop,HP,black,0.4,255
1145,Laptop,HP,black,0.55,398
1146,Laptop,HP,black,0.85,671
1147,Laptop,HP,black,0.9,948
1148,Laptop,HP,grey,0.95,605
1149,Laptop,HP,black,0.9,587
1150,Laptop,HP,black,0.8,757
1151,Laptop,HP,grey,0.95,733
1152,Laptop,HP,grey,0.7,757
1153,Laptop,HP,grey,0.35,382
1154,Laptop,HP,grey,0.85,676
1155,Laptop,HP,grey,0.4,434
1156,Laptop,HP,black,0.4,301
1157,Laptop,HP,black,0.45,462
1158,Laptop,HP,grey,0.5,413
1159,Laptop,HP,grey,0.7,471
1160,Laptop,HP,black,0.4,313
1161,Laptop,HP,grey,0.5,329
1162,Laptop,HP,grey,0.45,278
1163,Laptop,HP,grey,0.2,160
1164,Laptop,HP,grey,0.85,719
1165,Laptop,HP,grey,0.8,711
1166,Laptop,HP,grey,0.8,719
1167,Laptop,HP,grey,0.9,677
1168,Laptop,HP,grey,0.7,572
1169,Laptop,HP,black,0.5,374
1170,Laptop,HP,black,0.55,383
1171,Laptop,HP,grey,0.9,888
1172,Laptop,HP,black,0.2,186
1173,Laptop,HP,black,0.5,464
1174,Laptop,HP,grey,0.4,409
1175,Laptop,HP,black,0.85,840
1176,Laptop,HP,black,0.65,664
1177,Laptop,HP,black,0.6,448
1178,Laptop,HP,black,0.2,142
1179,Laptop,HP,grey,0.8,708
1180,Laptop,HP,black,0.35,321
1181,Laptop,HP,grey,0.85,544
1182,Laptop,HP,grey,0.2,201
1183,Laptop,HP,grey,0.4,251
1184,Laptop,HP,grey,0.65,607
1185,Laptop,HP,grey,0.3,230
1186,Laptop,HP,grey,0.35,379
1187,Laptop,HP,black,0.8,618
1188,Laptop,HP,grey,0.25,152
1189,Laptop,HP,black,0.65,405
1190,Laptop,HP,black,0.3,218
1191,Laptop,HP,grey,0.6,392
1192,Laptop,HP,black,0.75,754
1193,Laptop,HP,grey,0.4,413
1194,Laptop,HP,grey,0.5,480
1195,Laptop,HP,black,0.65,420
1196,Laptop,HP,grey,0.95,579
1197,Laptop,HP,grey,0.5,467
1198,Laptop,HP,black,0.35,308
1199,Laptop,HP,black,0.4,243
1200,Laptop,HP,black,0.3,309
1201,Laptop,HP,grey,0.6,360
1202,Laptop,HP,grey,0.6,417
1203,Laptop,HP,grey,0.4,387
1204,Laptop,HP,grey,0.3,283
1205,Laptop,HP,black,0.9,572
1206,Laptop,HP,black,0.8,720
1207,Laptop,HP,grey,0.75,595
1208,Laptop,HP,black,0.35,309
1209,Laptop,HP,black,0.55,450
1210,Laptop,HP,grey,0.95,978
1211,Laptop,HP,grey,0.45,289
1212,Laptop,HP,grey,0.25,150
1213,Laptop,HP,black,0.6,372
1214,Laptop,HP,black,0.7,545
1215,Laptop,HP,black,0.95,827
1216,Laptop,HP,black,0.8,724
1217,Laptop,HP,black,0.5,388
1218,Laptop,HP,black,0.45,274
1219,Laptop,HP,grey,0.75,471
1220,Laptop,HP,black,0.2,158
1221,Laptop,HP,black,0.65,532
1222,Laptop,HP,black,0.75,582
1223,Laptop,HP,black,0.75,584
1224,Laptop,HP,black,0.75,660
1225,Laptop,HP,grey,0.4,427
1226,Laptop,HP,grey,0.9,944
1227,Laptop,HP,black,0.35,348
1228,Laptop,HP,grey,0.75,476
1229,Laptop,HP,grey,0.85,710
1230,Laptop,HP,black,0.4,277
1231,Laptop,HP,grey,0.4,309
1232,Laptop,HP,black,0.95,925
1233,Laptop,HP,grey,0.6,626
1234,Laptop,HP,grey,0.9,848
1235,Laptop,HP,grey,0.85,850
1236,Laptop,HP,black,0.35,235
1237,Laptop,HP,grey,0.7,616
1238,Laptop,HP,black,0.2,202
1239,Laptop,HP,black,0.9,904
1240,Laptop,HP,black,0.55,441
1241,Laptop,HP,black,0.25,235
1242,Laptop,HP,grey,0.3,261
1243,Laptop,HP,black,0.35,353
1244,Laptop,HP,grey,0.65,517
1245,Laptop,HP,black,0.25,163
1246,Laptop,HP,grey,0.7,520
1247,Laptop,HP,black,0.4,266
1248,Laptop,HP,grey,0.7,753
1249,Laptop,HP,grey,0.95,814
1250,Laptop,HP,grey,0.2,210
1251,Laptop,HP,grey,0.8,859
1252,Laptop,HP,grey,0.85,785
1253,Laptop,HP,grey,0.8,562
1254,Laptop,HP,grey,0.8,775
1255,Laptop,HP,black,0.95,870
1256,Laptop,HP,grey,0.65,513
1257,Laptop,HP,black,0.7,528
1258,Laptop,HP,grey,0.4,373
1259,Laptop,HP,grey,0.3,233
1260,Laptop,HP,grey,0.95,1022
1261,Laptop,HP,black,0.9,644
1262,Laptop,HP,grey,0.3,274
1263,Laptop,HP,grey,0.7,688
1264,Laptop,HP,grey,0.65,593
1265,Laptop,HP,black,0.95,1007
1266,Laptop,HP,black,0.8,594
1267,Laptop,HP,black,0.2,148
1268,Laptop,HP,black,0.75,803
1269,Laptop,HP,black,0.7,519
1270,Laptop,HP,grey,0.8,609
1271,Laptop,HP,black,0.45,397
1272,Laptop,HP,grey,0.2,125
1273,Laptop,HP,black,0.45,448
1274,Laptop,HP,grey,0.35,304
1275,Laptop,HP,black,0.25,229
1276,Laptop,HP,black,0.55,453
1277,Laptop,HP,black,0.75,541
1278,Laptop,HP,grey,0.55,593
1279,Laptop,HP,black,0.55,518
1280,Laptop,HP,black,0.4,245
1281,Laptop,HP,black,0.9,729
1282,Laptop,HP,black,0.5,342
1283,Laptop,HP,grey,0.5,542
1284,Laptop,HP,black,0.75,479
1285,Laptop,HP,black,0.9,916
1286,Laptop,HP,grey,0.4,325
1287,Laptop,HP,black,0.8,575
1288,Laptop,HP,black,0.55,570
1289,Laptop,HP,black,0.35,340
1290,Laptop,HP,black,0.4,410
1291,Laptop,HP,black,0.95,851
1292,Laptop,HP,grey,0.9,651
1293,Laptop,HP,black,0.8,496
1294,Laptop,HP,grey,0.9,837
1295,Laptop,HP,black,0.95,1032
1296,Laptop,HP,grey,0.8,483
1297,Laptop,HP,grey,0.3,217
1298,Laptop,HP,grey,0.9,802
1299,Laptop,HP,black,0.4,265
1300,Laptop,HP,black,0.7,581
1301,Laptop,HP,grey,0.3,310
1302,Laptop,HP,grey,0.5,413
1303,Laptop,HP,grey,0.45,273
1304,Laptop,HP,grey,0.6,417
1305,Laptop,HP,black,0.4,423
1306,Laptop,HP,black,0.45,372
1307,Laptop,HP,black,0.8,524
1308,Laptop,HP,black,0.5,336
1309,Laptop,HP,grey,0.25,167
1310,Laptop,HP,black,0.55,526
1311,Laptop,HP,black,0.65,580
1312,Laptop,HP,black,0.25,224
1313,Laptop,HP,grey,0.7,536
1314,Laptop,HP,black,0.35,245
1315,Laptop,HP,grey,0.45,431
1316,Laptop,HP,black,0.45,282
1317,Laptop,HP,black,0.85,545
1318,Laptop,HP,black,0.9,651
1319,Laptop,HP,grey,0.55,330
1320,Laptop,HP,black,0.25,261
1321,Laptop,HP,black,0.65,585
1322,Laptop,HP,grey,0.35,259
1323,Laptop,HP,grey,0.25,164
1324,Laptop,HP,grey,0.85,883
1325,Laptop,HP,black,0.45,493
1326,Laptop,HP,black,0.95,917
1327,Laptop,HP,grey,0.8,870
1328,Laptop,HP,grey,0.25,212
1329,Laptop,HP,grey,0.85,555
1330,Laptop,HP,black,0.35,255
1331,Laptop,HP,black,0.35,268
1332,Laptop,HP,black,0.35,351
1333,Laptop,HP,grey,0.35,273
1334,Laptop,HP,black,0.25,247
1335,Laptop,HP,grey,0.95,647
1336,Laptop,HP,grey,0.2,213
1337,Laptop,HP,black,0.65,591
1338,Laptop,HP,grey,0.5,341
1339,Laptop,HP,grey,0.65,669
1340,Laptop,HP,grey,0.45,415
1341,Laptop,HP,black,0.45,437
1342,Laptop,HP,grey,0.2,139
1343,Laptop,HP,grey,0.45,304
1344,Laptop,HP,black,0.3,292
1345,Laptop,HP,grey,0.55,593
1346,Laptop,HP,grey,0.55,553
1347,Laptop,HP,grey,0.55,471
1348,Laptop,HP,black,0.25,174
1349,Laptop,HP,grey,0.95,874
1350,Laptop,HP,black,0.45,467
1351,Laptop,HP,black,0.2,138
1352,Laptop,HP,grey,0.45,438
1353,Laptop,HP,black,0.75,746
1354,Laptop,HP,black,0.6,436
1355,Laptop,HP,black,0.6,364
1356,Laptop,HP,black,0.6,624
1357,Laptop,HP,grey,0.85,883
1358,Laptop,HP,grey,0.85,763
1359,Laptop,HP,grey,0.95,957
1360,Laptop,HP,grey,0.2,158
1361,Laptop,HP,grey,0.7,716
1362,Laptop,HP,grey,0.95,782
1363,Laptop,HP,black,0.85,895
1364,Laptop,HP,grey,0.6,609
1365,Laptop,HP,black,0.45,408
1366,Laptop,HP,black,0.9,632
1367,Laptop,HP,grey,0.6,619
1368,Laptop,HP,black,0.25,155
1369,Laptop,HP,black,0.35,342
1370,Laptop,HP,black,0.5,370
1371,Laptop,HP,grey,0.35,222
1372,Laptop,HP,black,0.45,391
1373,Laptop,HP,black,0.45,479
1374,Laptop,HP,grey,0.95,1018
1375,Laptop,HP,grey,0.2,209
1376,Laptop,HP,black,0.35,241
1377,Laptop,HP,black,0.5,504
1378,Laptop,HP,black,0.3,328
1379,Laptop,HP,grey,0.55,377
1380,Laptop,HP,black,0.8,588
1381,Laptop,HP,black,0.85,663
1382,Laptop,HP,black,0.85,925
1383,Laptop,HP,grey,0.85,892
1384,Laptop,HP,black,0.3,261
1385,Laptop,HP,black,0.85,517
1386,Laptop,HP,black,0.95,756
1387,Laptop,HP,grey,0.85,696
1388,Laptop,HP,black,0.65,614
1389,Laptop,HP,grey,0.95,925
1390,Laptop,HP,grey,0.9,976
1391,Laptop,HP,black,0.2,189
1392,Laptop,HP,grey,0.55,452
1393,Laptop,HP,grey,0.95,910
1394,Laptop,HP,grey,0.45,425
1395,Laptop,HP,black,0.75,643
1396,Laptop,HP,grey,0.6,612
1397,Laptop,HP,black,0.65,487
1398,Laptop,HP,black,0.2,184
1399,Laptop,HP,grey,0.2,179
1400,Laptop,HP,black,0.4,374
1401,Laptop,HP,black,0.95,816
1402,Laptop,HP,black,0.2,163
1403,Laptop,HP,grey,0.85,812
1404,Laptop,HP,grey,0.5,503
1405,Laptop,HP,black,0.6,377
1406,Laptop,HP,grey,0.2,146
1407,Laptop,HP,grey,0.9,803
1408,Laptop,HP,grey,0.4,311
1409,Laptop,HP,black,0.85,859
1410,Laptop,HP,grey,0.25,241
1411,Laptop,HP,black,0.65,597
1412,Laptop,HP,black,0.7,469
1413,Laptop,HP,black,0.35,223
1414,Laptop,HP,black,0.3,223
1415,Laptop,HP,grey,0.4,307
1416,Laptop,HP,black,0.9,617
1417,Laptop,HP,grey,0.7,609
1418,Laptop,HP,grey,0.4,377
1419,Laptop,HP,black,0.7,701
1420,Laptop,HP,black,0.35,307
1421,Laptop,HP,black,0.6,452
1422,Laptop,HP,black,0.25,248
1423,Laptop,HP,grey,0.5,375
1424,Laptop,HP,grey,0.25,221
1425,Laptop,HP,grey,0.45,404
1426,Laptop,HP,black,0.65,663
1427,Laptop,HP,black,0.35,225
1428,Laptop,HP,grey,0.65,487
1429,Laptop,HP,black,0.2,124
1430,Laptop,HP,black,0.8,758
1431,Laptop,HP,grey,0.9,651
1432,Laptop,HP,black,0.55,601
1433,Laptop,HP,grey,0.95,718
1434,Laptop,HP,black,0.75,795
1435,Laptop,Dell,black,0.4,279
1436,Laptop,Dell,black,0.85,658
1437,Laptop,Dell,black,0.45,354
1438,Laptop,Dell,black,0.9,838
1439,Laptop,Dell,black,0.55,440
1440,Laptop,Dell,black,0.9,694
1441,Laptop,Dell,black,0.8,791
1442,Laptop,Dell,black,0.45,345
1443,Laptop,Dell,black,0.75,747
1444,Laptop,Dell,grey,0.8,645
1445,Laptop,Dell,black,0.85,864
1446,Laptop,Dell,black,0.6,602
1447,Laptop,Dell,grey,0.65,522
1448,Laptop,Dell,black,0.9,971
1449,Laptop,Dell,grey,0.8,877
1450,Laptop,Dell,black,0.6,637
1451,Laptop,Dell,black,0.9,684
1452,Laptop,Dell,black,0.45,277
1453,Laptop,Dell,grey,0.85,909
1454,Laptop,Dell,black,0.75,807
1455,Laptop,Dell,grey,0.9,564
1456,Laptop,Dell,grey,0.5,393
1457,Laptop,Dell,black,0.45,296
1458,Laptop,Dell,grey,0.75,632
1459,Laptop,Dell,grey,0.95,631
1460,Laptop,Dell,black,0.8,541
1461,Laptop,Dell,grey,0.75,819
1462,Laptop,Dell,grey,0.6,414
1463,Laptop,Dell,black,0.85,806
1464,Laptop,Dell,black,0.65,665
1465,Laptop,Dell,black,0.65,403
1466,Laptop,Dell,grey,0.85,918
1467,Laptop,Dell,grey,0.9,721
1468,Laptop,Dell,grey,0.9,821
1469,Laptop,Dell,grey,0.45,438
1470,Laptop,Dell,grey,0.8,609
1471,Laptop,Dell,grey,0.8,709
1472,Laptop,Dell,grey,0.55,372
1473,Laptop,Dell,grey,0.85,554
1474,Laptop,Dell,grey,0.95,857
1475,Laptop,Dell,black,0.8,557
1476,Laptop,Dell,grey,0.7,586
1477,Laptop,Dell,black,0.4,374
1478,Laptop,Dell,grey,0.9,984
1479,Laptop,Dell,black,0.95,624
1480,Laptop,Dell,grey,0.5,499
1481,Laptop,Dell,grey,0.5,430
1482,Laptop,Dell,black,0.4,415
1483,Laptop,Dell,black,0.65,502
1484,Laptop,Dell,grey,0.55,375
1485,Laptop,Dell,black,0.8,619
1486,Laptop,Dell,grey,0.5,406
1487,Laptop,Dell,grey,0.75,474
1488,Laptop,Dell,grey,0.85,611
1489,Laptop,Dell,grey,0.9,915
1490,Laptop,Dell,black,0.95,926
1491,Laptop,Dell,black,0.4,410
1492,Laptop,Dell,grey,0.4,387
1493,Laptop,Dell,black,0.45,441
1494,Laptop,Dell,grey,0.9,772
1495,Laptop,Dell,black,0.6,620
1496,Laptop,Dell,grey,0.7,452
1497,Laptop,Dell,grey,0.8,874
1498,Laptop,Dell,grey,0.95,1001
1499,Laptop,Dell,grey,0.85,604
1500,Laptop,Dell,grey,0.45,285
1501,Laptop,Dell,black,0.55,335
1502,Laptop,Dell,black,0.4,302
1503,Laptop,Dell,grey,0.95,791
1504,Laptop,Dell,black,0.65,527
1505,Laptop,Dell,grey,0.8,598
1506,Laptop,Dell,black,0.95,752
1507,Laptop,Dell,black,0.75,519
1508,Laptop,Dell,black,0.85,916
1509,Laptop,Dell,grey,0.65,455
1510,Laptop,Dell,grey,0.9,664
1511,Laptop,Dell,black,0.5,429
1512,Laptop,Dell,grey,0.6,629
1513,Laptop,Dell,black,0.85,884
1514,Laptop,Dell,black,0.45,492
1515,Laptop,Dell,grey,0.5,376
1516,Laptop,Dell,grey,0.45,296
1517,Laptop,Dell,grey,0.4,271
1518,Laptop,Dell,grey,0.9,926
1519,Laptop,Dell,black,0.5,304
1520,Laptop,Dell,grey,0.9,666
1521,Laptop,Dell,black,0.75,714
1522,Laptop,Dell,black,0.4,385
1523,Laptop,Dell,black,0.5,382
1524,Laptop,Dell,grey,0.75,705
1525,Laptop,Dell,grey,0.55,391
1526,Laptop,Dell,grey,0.65,582
1527,Laptop,Dell,black,0.7,745
1528,Laptop,Dell,grey,0.8,714
1529,Laptop,Dell,grey,0.4,414
1530,Laptop,Dell,grey,0.4,385
1531,Laptop,Dell,grey,0.55,579
1532,Laptop,Dell,grey,0.4,283
1533,Laptop,Dell,grey,0.95,673
1534,Laptop,Dell,black,0.55,330
1535,Laptop,Dell,black,0.6,602
1536,Laptop,Dell,black,0.85,772
1537,Laptop,Dell,grey,0.45,423
1538,Laptop,Dell,black,0.65,651
1539,Laptop,Dell,black,0.45,329
1540,Laptop,Dell,grey,0.65,529
1541,Laptop,Dell,grey,0.9,801
1542,Laptop,Dell,black,0.9,662
1543,Laptop,Dell,black,0.7,677
1544,Laptop,Dell,black,0.6,522
1545,Laptop,Dell,grey,0.6,462
1546,Laptop,Dell,black,0.55,511
1547,Laptop,Dell,black,0.7,756
1548,Laptop,Dell,black,0.7,684
1549,Laptop,Dell,grey,0.95,869
1550,Laptop,Dell,black,0.45,351
1551,Laptop,Dell,grey,0.5,316
1552,Laptop,Dell,grey,0.4,374
1553,Laptop,Dell,black,0.95,981
1554,Laptop,Dell,black,0.5,458
1555,Laptop,Dell,black,0.65,568
1556,Laptop,Dell,grey,0.75,726
1557,Laptop,Dell,black,0.75,821
1558,Laptop,Dell,black,0.95,764
1559,Laptop,Dell,grey,0.8,782
1560,Laptop,Dell,grey,0.4,307
1561,Laptop,Dell,grey,0.85,609
1562,Laptop,Dell,black,0.45,351
1563,Laptop,Dell,grey,0.75,696
1564,Laptop,Dell,black,0.55,552
1565,Laptop,Dell,grey,0.75,474
1566,Laptop,Dell,black,0.85,532
1567,Laptop,Dell,black,0.7,698
1568,Laptop,Dell,grey,0.85,541
1569,Laptop,Dell,black,0.6,521
1570,Laptop,Dell,black,0.65,430
1571,Laptop,Dell,grey,0.8,795
1572,Laptop,Dell,black,0.5,373
1573,Laptop,Dell,grey,0.45,331
1574,Laptop,Dell,grey,0.75,478
1575,Laptop,Dell,grey,0.95,974
1576,Laptop,Dell,grey,0.95,591
1577,Laptop,Dell,black,0.5,344
1578,Laptop,Dell,black,0.75,694
1579,Laptop,Dell,grey,0.55,402
1580,Laptop,Dell,black,0.65,435
1581,Laptop,Dell,grey,0.8,638
1582,Laptop,Dell,grey,0.8,852
1583,Laptop,Dell,black,0.7,607
1584,Laptop,Dell,grey,0.6,451
1585,Laptop,Dell,grey,0.9,590
1586,Laptop,Dell,grey,0.55,589
1587,Laptop,Dell,black,0.6,365
1588,Laptop,Dell,grey,0.7,656
1589,Laptop,Dell,grey,0.65,487
1590,Laptop,Dell,grey,0.55,335
1591,Laptop,Dell,black,0.8,484
1592,Laptop,Dell,grey,0.5,425
1593,Laptop,Dell,black,0.75,642
1594,Laptop,Dell,grey,0.45,325
1595,Laptop,Dell,black,0.65,607
1596,Laptop,Dell,grey,0.7,507
1597,Laptop,Dell,grey,0.9,854
1598,Laptop,Dell,black,0.55,370
1599,Laptop,Dell,grey,0.4,343
1600,Laptop,Dell,grey,0.6,363
1601,Laptop,Dell,black,0.8,665
1602,Laptop,Dell,black,0.8,731
1603,Laptop,Dell,black,0.55,464
1604,Laptop,Dell,black,0.95,712
1605,Laptop,Dell,black,0.6,373
1606,Laptop,Dell,grey,0.6,558
1607,Laptop,Dell,grey,0.4,399
1608,Laptop,Dell,black,0.5,499
1609,Laptop,Dell,grey,0.75,613
1610,Laptop,Dell,grey,0.55,551
1611,Laptop,Dell,black,0.75,617
1612,Laptop,Dell,black,0.45,366
1613,Laptop,Dell,black,0.75,680
1614,Laptop,Dell,black,0.4,273
1615,Laptop,Dell,grey,0.4,295
1616,Laptop,Dell,grey,0.6,397
1617,Laptop,Dell,grey,0.65,692
1618,Laptop,Dell,black,0.6,461
1619,Laptop,Dell,grey,0.5,455
1620,Laptop,Dell,black,0.8,730
1621,Laptop,Dell,grey,0.85,855
1622,Laptop,Dell,black,0.85,522
1623,Laptop,Dell,black,0.9,864
1624,Laptop,Dell,grey,0.5,475
1625,Laptop,Dell,black,0.9,595
1626,Laptop,Dell,grey,0.65,418
1627,Laptop,Dell,black,0.85,802
1628,Laptop,Dell,grey,0.65,518
1629,Laptop,Dell,black,0.7,622
1630,Laptop,Dell,black,0.45,405
1631,Laptop,Dell,grey,0.8,588
1632,Laptop,Dell,grey,0.85,624
1633,Laptop,Dell,black,0.8,684
1634,Laptop,Dell,grey,0.8,746
1635,Laptop,Dell,grey,0.45,456
1636,Laptop,Dell,black,0.85,544
1637,Laptop,Dell,grey,0.7,748
1638,Laptop,Dell,grey,0.45,326
1639,Laptop,Dell,black,0.4,374
1640,Laptop,Dell,black,0.5,396
1641,Laptop,Dell,grey,0.95,874
1642,Laptop,Dell,black,0.45,417
1643,Laptop,Dell,black,0.55,392
1644,Laptop,Dell,grey,0.65,660
1645,Laptop,Dell,grey,0.45,297
1646,Laptop,Dell,grey,0.45,346
1647,Laptop,Dell,grey,0.95,838
1648,Laptop,Dell,black,0.65,691
1649,Laptop,Dell,black,0.55,548
1650,Laptop,Dell,grey,0.85,621
1651,Laptop,Dell,grey,0.7,735
1652,Laptop,Dell,black,0.95,938
1653,Laptop,Dell,grey,0.4,244
1654,Laptop,Dell,grey,0.55,413
1655,Laptop,Dell,grey,0.75,461
1656,Laptop,Dell,black,0.45,399
1657,Laptop,Dell,black,0.95,600
1658,Laptop,Dell,black,0.4,292
1659,Laptop,Dell,grey,0.8,872
1660,Laptop,Dell,black,0.65,452
1661,Laptop,Dell,black,0.45,491
1662,Laptop,Dell,grey,0.6,441
1663,Laptop,Dell,black,0.4,389
1664,Laptop,Dell,grey,0.45,367
1665,Laptop,Dell,grey,0.6,436
1666,Laptop,Dell,black,0.85,587
1667,Laptop,Dell,grey,0.55,435
1668,Laptop,Dell,black,0.85,793
1669,Laptop,Dell,black,0.6,561
1670,Laptop,Dell,grey,0.9,842
1671,Laptop,Dell,grey,0.95,820
1672,Laptop,Dell,grey,0.9,859
1673,Laptop,Dell,grey,0.5,338
1674,Laptop,Dell,black,0.8,485
1675,Laptop,Dell,grey,0.65,514
1676,Laptop,Dell,grey,0.9,814
1677,Laptop,Dell,grey,0.5,360
1678,Laptop,Dell,grey,0.9,591
1679,Laptop,Dell,grey,0.5,509
1680,Laptop,Dell,grey,0.8,609
1681,Laptop,Dell,black,0.4,290
1682,Laptop,Dell,grey,0.45,356
1683,Laptop,Dell,black,0.8,863
1684,Laptop,Dell,black,0.55,373
1685,Laptop,Dell,black,0.6,495
1686,Laptop,Dell,grey,0.95,1022
1687,Laptop,Dell,grey,0.4,291
1688,Laptop,Dell,grey,0.7,753
1689,Laptop,Dell,black,0.6,419
1690,Laptop,Dell,black,0.5,301
1691,Laptop,Dell,grey,0.8,626
1692,Laptop,Dell,black,0.85,890
1693,Laptop,Dell,black,0.7,482
1694,Laptop,Dell,grey,0.55,549
1695,Laptop,Dell,black,0.4,269
1696,Laptop,Dell,black,0.45,368
1697,Laptop,Dell,grey,0.9,713
1698,Laptop,Dell,grey,0.45,457
1699,Laptop,Dell,black,0.8,833
1700,Laptop,Dell,black,0.6,419
1701,Laptop,Dell,grey,0.6,579
1702,Laptop,Dell,black,0.55,388
1703,Laptop,Dell,black,0.7,608
1704,Laptop,Dell,grey,0.9,590
1705,Laptop,Dell,black,0.8,685
1706,Laptop,Dell,grey,0.45,415
1707,Laptop,Dell,grey,0.95,917
1708,Laptop,Dell,grey,0.95,654
1709,Laptop,Dell,grey,0.7,437
1710,Laptop,Dell,grey,0.6,549
1711,Laptop,Dell,grey,0.95,748
1712,Laptop,Dell,grey,0.8,499
1713,Laptop,Dell,black,0.45,427
1714,Laptop,Dell,black,0.9,858
1715,Laptop,Dell,black,0.4,249
1716,Laptop,Dell,black,0.65,653
1717,Laptop,Dell,black,0.6,567
1718,Laptop,Dell,black,0.75,537
1719,Laptop,Dell,black,0.5,468
1720,Laptop,Dell,grey,0.5,303
1721,Laptop,Dell,grey,0.55,409
1722,Laptop,Dell,black,0.45,323
1723,Laptop,Dell,grey,0.85,754
1724,Laptop,Dell,black,0.4,300
1725,Laptop,Dell,grey,0.5,343
1726,Laptop,Dell,grey,0.9,964
1727,Laptop,Dell,grey,0.65,539
1728,Laptop,Dell,grey,0.95,974
1729,Laptop,Dell,black,0.45,383
1730,Laptop,Dell,black,0.7,582
1731,Laptop,Dell,grey,0.5,515
1732,Laptop,Dell,grey,0.45,314
1733,Laptop,Dell,black,0.85,889
1734,Laptop,Dell,black,0.95,986
1735,Laptop,Dell,black,0.7,566
1736,Laptop,Dell,grey,0.45,474
1737,Laptop,Dell,black,0.65,642
1738,Laptop,Dell,grey,0.7,571
1739,Laptop,Dell,grey,0.55,386
1740,Laptop,Dell,grey,0.6,490
1741,Laptop,Dell,grey,0.8,642
1742,Laptop,Dell,grey,0.5,458
1743,Laptop,Dell,black,0.6,422
1744,Laptop,Dell,black,0.85,766
1745,Laptop,Dell,grey,0.65,402
1746,Laptop,Dell,grey,0.95,741
1747,Laptop,Dell,grey,0.7,703
1748,Laptop,Dell,grey,0.9,555
1749,Laptop,Dell,grey,0.45,353
1750,Laptop,Dell,grey,0.55,591
1751,Laptop,Dell,black,0.45,436
1752,Laptop,Dell,grey,0.7,613
1753,Laptop,Dell,black,0.75,507
1754,Laptop,Dell,black,0.75,641
1755,Laptop,Dell,black,0.75,734
1756,Laptop,Dell,black,0.75,761
1757,Laptop,Dell,grey,0.45,392
1758,Laptop,Dell,black,0.45,395
1759,Laptop,Dell,grey,0.45,459
1760,Laptop,Dell,grey,0.65,426
1761,Laptop,Dell,black,0.6,644
1762,Laptop,Dell,black,0.65,522
1763,Laptop,Dell,grey,0.95,654
1764,Laptop,Dell,grey,0.9,772
1765,Laptop,Dell,grey,0.6,574
1766,Laptop,Dell,black,0.6,470
1767,Laptop,Dell,grey,0.5,478
1768,Laptop,Dell,black,0.5,369
1769,Laptop,Dell,black,0.8,793
1770,Laptop,Dell,grey,0.7,524
1771,Laptop,Dell,black,0.75,701
1772,Laptop,Dell,grey,0.6,601
1773,Laptop,Dell,grey,0.55,516
1774,Laptop,Dell,grey,0.5,306
1775,Laptop,Dell,grey,0.4,359
1776,Laptop,Dell,black,0.7,627
1777,Laptop,Dell,black,0.4,319
1778,Laptop,Dell,black,0.4,262
1779,Laptop,Dell,grey,0.55,367
1780,Laptop,Dell,grey,0.85,667
1781,Laptop,Dell,grey,0.85,566
1782,Laptop,Dell,black,0.65,459
1783,Laptop,Dell,black,0.85,567
1784,Laptop,Dell,grey,0.7,644
1785,Laptop,Dell,grey,0.45,338
1786,Laptop,Dell,grey,0.65,689
1787,Laptop,Dell,black,0.65,589
1788,Laptop,Dell,grey,0.9,984
1789,Laptop,Dell,black,0.65,502
1790,Laptop,Dell,black,0.95,605
1791,Laptop,Dell,black,0.5,373
1792,Laptop,Dell,black,0.55,494
1793,Laptop,Dell,grey,0.9,825
1794,Laptop,Dell,black,0.75,670
1795,Laptop,Dell,black,0.85,642
1796,Laptop,Dell,grey,0.7,740
1797,Laptop,Dell,grey,0.7,661
1798,Laptop,Dell,grey,0.95,592
1799,Laptop,Dell,grey,0.7,637
1800,Laptop,Dell,black,0.4,253
1801,Laptop,Dell,grey,0.8,785
1802,Laptop,Dell,black,0.9,983
1803,Laptop,Dell,grey,0.75,500
1804,Laptop,Dell,black,0.6,591
1805,Laptop,Dell,grey,0.5,473
1806,Laptop,Dell,grey,0.8,710
1807,Laptop,Dell,grey,0.75,746
1808,Laptop,Dell,grey,0.85,905
1809,Laptop,Dell,grey,0.9,912
1810,Laptop,Dell,black,0.7,606
1811,Laptop,Dell,grey,0.7,639
1812,Laptop,Dell,black,0.85,770
1813,Laptop,Dell,grey,0.95,805
1814,Laptop,Dell,grey,0.9,962
1815,Laptop,Dell,grey,0.6,378
1816,Laptop,Dell,black,0.6,450
1817,Laptop,Dell,black,0.4,330
1818,Laptop,Dell,grey,0.9,877
1819,Laptop,Dell,grey,0.75,802
1820,Laptop,Dell,grey,0.65,530
1821,Laptop,Dell,grey,0.4,371
1822,Laptop,Dell,black,0.7,516
1823,Laptop,Dell,grey,0.75,552
1824,Laptop,Dell,grey,0.75,754
1825,Laptop,Dell,grey,0.95,687
1826,Laptop,Dell,grey,0.6,656
1827,Laptop,Dell,black,0.55,356
1828,Laptop,Dell,black,0.65,633
1829,Laptop,Dell,black,0.6,458
1830,Laptop,Dell,grey,0.8,482
1831,Laptop,Dell,grey,0.95,980
1832,Laptop,Dell,grey,0.4,368
1833,Laptop,Dell,black,0.4,424
1834,Laptop,Dell,grey,0.8,728
1835,Laptop,Dell,grey,0.55,582
1836,Laptop,Dell,black,0.45,375
1837,Laptop,Dell,grey,0.5,317
1838,Laptop,Dell,black,0.8,799
1839,Laptop,Dell,grey,0.95,706
1840,Laptop,Dell,black,0.6,593
1841,Laptop,Dell,black,0.95,798
1842,Laptop,Dell,black,0.85,891
1843,Laptop,Dell,black,0.45,404
1844,Laptop,Dell,black,0.45,323
1845,Laptop,Dell,black,0.75,615
1846,Laptop,Dell,grey,0.75,524
1847,Laptop,Dell,grey,0.7,765
1848,Laptop,Dell,grey,0.65,506
1849,Laptop,Dell,black,0.6,391
1850,Laptop,Dell,grey,0.55,332
1851,Laptop,Dell,black,0.85,818
1852,Laptop,Dell,grey,0.9,871
1853,Laptop,Dell,grey,0.75,577
1854,Laptop,Dell,grey,0.45,347
1855,Laptop,Dell,grey,0.85,556
1856,Laptop,Dell,black,0.8,494
1857,Laptop,Dell,grey,0.55,561
1858,Laptop,Dell,black,0.95,990
1859,Laptop,Dell,grey,0.45,469
1860,Laptop,Dell,grey,0.55,385
1861,Laptop,Dell,grey,0.65,647
1862,Laptop,Dell,grey,0.95,813
1863,Laptop,Dell,black,0.8,798
1864,Laptop,Dell,black,0.85,536
1865,Laptop,Dell,black,0.4,358
1866,Laptop,Dell,black,0.65,429
1867,Laptop,Dell,grey,0.45,453
1868,Laptop,Dell,black,0.8,520
1869,Laptop,Dell,grey,0.8,725
1870,Laptop,Dell,black,0.7,443
1871,Laptop,Dell,grey,0.95,962
1872,Laptop,Dell,black,0.65,695
1873,Laptop,Dell,black,0.7,549
1874,Laptop,Dell,black,0.55,504
1875,Laptop,Dell,black,0.4,402
1876,Laptop,Dell,black,0.85,593
1877,Laptop,Dell,grey,0.8,665
1878,Laptop,Dell,black,0.6,461
1879,Laptop,Dell,black,0.85,546
1880,Laptop,Dell,black,0.45,386
1881,Laptop,Dell,black,0.75,732
1882,Laptop,Dell,black,0.7,674
1883,Laptop,Dell,black,0.75,817
1884,Laptop,Dell,grey,0.6,519
1885,Laptop,Dell,grey,0.7,642
1886,Laptop,Dell,grey,0.7,703
1887,Laptop,Dell,grey,0.75,561
1888,Laptop,Dell,grey,0.45,372
1889,Laptop,Dell,grey,0.7,473
1890,Laptop,Dell,grey,0.55,539
1891,Laptop,Dell,grey,0.4,418
1892,Laptop,Dell,grey,0.75,685
1893,Laptop,Dell,grey,0.5,428
1894,Laptop,Dell,black,0.7,639
1895,Laptop,Dell,grey,0.8,571
1896,Laptop,Dell,black,0.65,676
1897,Laptop,Dell,black,0.9,852
1898,Laptop,Dell,grey,0.55,496
1899,Laptop,Dell,grey,0.95,978
1900,Laptop,Dell,black,0.55,461
1901,Laptop,Dell,black,0.45,440
1902,Laptop,Dell,grey,0.7,598
1903,Laptop,Dell,black,0.65,709
1904,Laptop,Dell,grey,0.85,794
1905,Laptop,Dell,black,0.85,892
1906,Laptop,Dell,black,0.85,854
1907,Laptop,Dell,grey,0.4,262
1908,Laptop,Dell,black,0.8,793
1909,Laptop,Dell,grey,0.45,322
1910,Laptop,Dell,black,0.4,248
1911,Laptop,Dell,black,0.75,736
1912,Laptop,Dell,grey,0.55,576
1913,Laptop,Dell,grey,0.7,490
1914,Laptop,Dell,black,0.6,637
1915,Laptop,Dell,grey,0.4,357
1916,Laptop,Dell,black,0.8,864
1917,Laptop,Dell,black,0.95,840
1918,Laptop,Dell,grey,0.75,458
1919,Laptop,Dell,grey,0.85,563
1920,Laptop,Dell,black,0.65,490
1921,Laptop,Dell,grey,0.85,849
1922,Laptop,Dell,grey,0.7,640
1923,Laptop,Dell,black,0.55,516
1924,Laptop,Dell,black,0.6,513
1925,Laptop,Dell,grey,0.9,634
1926,Laptop,Dell,black,0.65,682
1927,Laptop,Dell,grey,0.9,583
1928,Laptop,Dell,black,0.75,798
1929,Laptop,Dell,grey,0.7,560
1930,Laptop,Dell,grey,0.55,366
1931,Laptop,Dell,black,0.4,298
1932,Laptop,Dell,grey,0.9,748
1933,Laptop,Dell,grey,0.65,512
1934,Laptop,Dell,black,0.95,589
1935,Laptop,Dell,black,0.8,689
1936,Laptop,Dell,grey,0.7,747
1937,Laptop,Dell,grey,0.7,588
1938,Laptop,Dell,black,0.9,877
1939,Laptop,Dell,black,0.8,794
1940,Laptop,Dell,black,0.9,821
1941,Laptop,Dell,black,0.6,395
1942,Laptop,Dell,grey,0.4,294
1943,Laptop,Dell,black,0.75,732
1944,Laptop,Dell,black,0.8,619
1945,Laptop,Dell,black,0.95,670
1946,Laptop,Dell,black,0.65,605
1947,Laptop,Dell,grey,0.75,557
1948,Laptop,Dell,grey,0.6,621
1949,Laptop,Dell,grey,0.45,468
1950,Laptop,Dell,grey,0.45,303
1951,Laptop,Dell,black,0.8,506
1952,Laptop,Dell,grey,0.45,289
1953,Laptop,Dell,black,0.75,700
1954,Laptop,Dell,black,0.85,861
1955,Laptop,Dell,grey,0.5,489
1956,Laptop,Dell,black,0.75,717
1957,Laptop,Dell,black,0.95,867
1958,Laptop,Dell,grey,0.7,509
1959,Laptop,Dell,grey,0.45,313
1960,Laptop,Dell,black,0.7,730
1961,Laptop,Dell,grey,0.65,679
1962,Laptop,Dell,black,0.85,782
1963,Laptop,Dell,black,0.45,287
1964,Laptop,Dell,black,0.85,875
1965,Laptop,Dell,grey,0.85,722
1966,Laptop,Dell,grey,0.4,276
1967,Laptop,Dell,grey,0.6,477
1968,Laptop,Dell,grey,0.8,481
1969,Laptop,Dell,black,0.8,838
1970,Laptop,Dell,grey,0.85,788
1971,Laptop,Dell,black,0.4,368
1972,Laptop,Dell,grey,0.85,892
1973,Laptop,Dell,black,0.65,683
1974,Laptop,Dell,grey,0.5,406
1975,Laptop,Dell,grey,0.55,444
1976,Laptop,Dell,grey,0.75,759
1977,Laptop,Dell,grey,0.8,637
1978,Laptop,Dell,grey,0.55,454
1979,Laptop,Dell,grey,0.9,879
1980,Laptop,Dell,black,0.45,461
1981,Laptop,Dell,grey,0.9,954
1982,Laptop,Dell,black,0.65,409
1983,Laptop,Dell,black,0.4,262
1984,Laptop,Dell,black,0.45,479
1985,Laptop,Dell,black,0.95,905
1986,Laptop,Dell,black,0.5,409
1987,Laptop,Dell,black,0.6,626
1988,Laptop,Dell,grey,0.9,566
1989,Laptop,Dell,grey,0.55,523
1990,Laptop,Dell,black,0.65,569
1991,Laptop,Dell,black,0.75,735
1992,Laptop,Dell,black,0.85,934
1993,Laptop,Dell,black,0.6,402
1994,Laptop,Dell,black,0.8,598
1995,Laptop,Dell,grey,0.45,307
1996,Laptop,Dell,grey,0.65,399
1997,Laptop,Dell,grey,0.4,270
1998,Laptop,Dell,black,0.8,758
1999,Laptop,Dell,black,0.45,425
2000,Laptop,Dell,grey,0.75,550
2001,Laptop,Dell,black,0.8,510
2002,Laptop,Dell,grey,0.5,308
2003,Laptop,Dell,black,0.55,488
2004,Laptop,Dell,grey,0.85,538
2005,Laptop,Dell,black,0.4,384
2006,Laptop,Dell,black,0.85,642
2007,Laptop,Dell,grey,0.6,548
2008,Laptop,Dell,black,0.55,577
2009,Laptop,Dell,grey,0.55,570
2010,Laptop,Dell,grey,0.8,629
2011,Laptop,Dell,grey,0.8,713
2012,Laptop,Dell,grey,0.45,390
2013,Laptop,Dell,black,0.65,597
2014,Laptop,Dell,grey,0.9,783
2015,Laptop,Dell,grey,0.65,439
2016,Laptop,Dell,black,0.95,712
2017,Laptop,Dell,black,0.4,402
2018,Laptop,Dell,grey,0.9,909
2019,Laptop,Dell,black,0.95,589
2020,Laptop,Dell,grey,0.85,681
2021,Laptop,Dell,grey,0.55,406
2022,Laptop,Dell,grey,0.85,886
2023,Laptop,Dell,grey,0.95,999
2024,Laptop,Dell,grey,0.65,465
2025,Laptop,Dell,black,0.95,1043
2026,Laptop,Dell,black,0.65,504
2027,Laptop,Dell,grey,0.5,339
2028,Laptop,Dell,grey,0.9,669
2029,Laptop,Dell,grey,0.7,590
2030,Laptop,Dell,black,0.95,973
2031,Laptop,Dell,grey,0.65,604
2032,Laptop,Dell,black,0.6,420
2033,Laptop,Dell,black,0.65,517
2034,Laptop,Dell,grey,0.6,376
2035,Laptop,Dell,black,0.8,668
2036,Camera,Nikon,black,0.85,483
2037,Camera,Panasonic,black,0.9,367
2038,Camera,Panasonic,black,0.65,331
2039,Camera,Canon,black,0.8,244
2040,Camera,Nikon,black,0.95,464
2041,Camera,Panasonic,black,0.65,261
2042,Camera,Canon,black,0.9,441
2043,Camera,Nikon,black,0.9,357
2044,Camera,Nikon,black,0.6,235
2045,Camera,Sony,black,0.95,335
2046,Camera,Nikon,black,0.6,328
2047,Camera,Sony,black,0.95,391
2048,Camera,Nikon,black,0.95,413
2049,Camera,Sony,black,0.6,315
2050,Camera,Canon,black,0.9,398
2051,Camera,Panasonic,black,0.75,411
2052,Camera,Panasonic,black,0.75,344
2053,Camera,Canon,black,0.9,407
2054,Camera,Canon,black,0.85,286
2055,Camera,Panasonic,black,0.9,374
2056,Camera,Nikon,black,0.6,263
2057,Camera,Sony,black,0.8,312
2058,Camera,Nikon,black,0.75,271
2059,Camera,Nikon,black,0.8,375
2060,Camera,Nikon,black,0.6,238
2061,Camera,Sony,black,0.85,462
2062,Camera,Nikon,black,0.9,532
2063,Camera,Panasonic,black,0.95,502
2064,Camera,Sony,black,0.9,315
2065,Camera,Nikon,black,0.7,311
2066,Camera,Nikon,black,0.95,342
2067,Camera,Panasonic,black,0.95,473
2068,Camera,Sony,black,0.65,275
2069,Camera,Panasonic,black,0.65,227
2070,Camera,Canon,black,0.6,301
2071,Camera,Sony,black,0.95,364
2072,Camera,Panasonic,black,0.9,301
2073,Camera,Panasonic,black,0.65,295
2074,Camera,Nikon,black,0.6,221
2075,Camera,Sony,black,0.65,318
2076,Camera,Nikon,black,0.75,346
2077,Camera,Sony,black,0.8,349
2078,Camera,Canon,black,0.7,220
2079,Camera,Canon,black,0.75,393
2080,Camera,Canon,black,0.95,559
2081,Camera,Panasonic,black,0.65,383
2082,Camera,Nikon,black,0.8,393
2083,Camera,Nikon,black,0.95,437
2084,Camera,Canon,black,0.75,428
2085,Camera,Nikon,black,0.95,437
2086,Camera,Panasonic,black,0.65,235
2087,Camera,Panasonic,black,0.7,297
2088,Camera,Nikon,black,0.8,442
2089,Camera,Nikon,black,0.6,195
2090,Camera,Sony,black,0.65,346
2091,Camera,Canon,black,0.8,433
2092,Camera,Panasonic,black,0.6,219
2093,Camera,Sony,black,0.65,235
2094,Camera,Panasonic,black,0.85,471
2095,Camera,Nikon,black,0.75,429
2096,Camera,Panasonic,black,0.8,449
2097,Camera,Panasonic,black,0.95,383
2098,Camera,Nikon,black,0.8,440
2099,Camera,Canon,black,0.8,285
2100,Camera,Sony,black,0.8,430
2101,Camera,Sony,black,0.8,421
2102,Camera,Nikon,black,0.8,272
2103,Camera,Nikon,black,0.95,398
2104,Camera,Nikon,black,0.85,458
2105,Camera,Nikon,black,0.6,348
2106,Camera,Nikon,black,0.75,327
2107,Camera,Nikon,black,0.75,322
2108,Camera,Panasonic,black,0.75,395
2109,Camera,Nikon,black,0.95,391
2110,Camera,Nikon,black,0.9,342
2111,Camera,Nikon,black,0.65,346
2112,Camera,Nikon,black,0.85,403
2113,Camera,Canon,black,0.65,300
2114,Camera,Canon,black,0.95,417
2115,Camera,Sony,black,0.8,357
2116,Camera,Nikon,black,0.7,328
2117,Camera,Sony,black,0.65,300
2118,Camera,Sony,black,0.75,407
2119,Camera,Panasonic,black,0.6,321
2120,Camera,Canon,black,0.75,372
2121,Camera,Nikon,black,0.6,299
2122,Camera,Panasonic,black,0.8,475
2123,Camera,Sony,black,0.8,303
2124,Camera,Panasonic,black,0.7,415
2125,Camera,Canon,black,0.95,543
2126,Camera,Sony,black,0.75,329
2127,Camera,Sony,black,0.7,252
2128,Camera,Sony,black,0.6,194
2129,Camera,Nikon,black,0.8,284
2130,Camera,Panasonic,black,0.75,287
2131,Camera,Panasonic,black,0.7,266
2132,Camera,Panasonic,black,0.65,311
2133,Camera,Sony,black,0.95,440
2134,Camera,Sony,black,0.8,300
2135,Camera,Canon,black,0.9,465
2136,Camera,Panasonic,black,0.95,369
2137,Camera,Nikon,black,0.75,314
2138,Camera,Canon,black,0.7,366
2139,Camera,Nikon,black,0.95,525
2140,Camera,Panasonic,black,0.95,442
2141,Camera,Nikon,black,0.9,459
2142,Camera,Canon,black,0.6,335
2143,Camera,Nikon,black,0.65,386
2144,Camera,Sony,black,0.75,419
2145,Camera,Panasonic,black,0.7,229
2146,Camera,Canon,black,0.85,281
2147,Camera,Panasonic,black,0.9,439
2148,Camera,Panasonic,black,0.75,250
2149,Camera,Nikon,black,0.85,380
2150,Camera,Panasonic,black,0.65,382
2151,Camera,Sony,black,0.85,441
2152,Camera,Nikon,black,0.95,404
2153,Camera,Canon,black,0.8,256
2154,Camera,Sony,black,0.95,357
2155,Camera,Sony,black,0.65,260
2156,Camera,Panasonic,black,0.9,286
2157,Camera,Sony,black,0.9,323
2158,Camera,Nikon,black,0.6,213
2159,Camera,Sony,black,0.95,332
2160,Camera,Panasonic,black,0.6,346
2161,Camera,Nikon,black,0.75,389
2162,Camera,Sony,black,0.8,391
2163,Camera,Nikon,black,0.85,361
2164,Camera,Nikon,black,0.75,402
2165,Camera,Sony,black,0.9,499
2166,Camera,Panasonic,black,0.8,355
2167,Camera,Canon,black,0.9,326
2168,Camera,Nikon,black,0.7,299
2169,Camera,Panasonic,black,0.75,305
2170,Camera,Panasonic,black,0.85,433
2171,Camera,Sony,black,0.95,515
2172,Camera,Canon,black,0.9,328
2173,Camera,Panasonic,black,0.6,266
2174,Camera,Sony,black,0.9,305
2175,Camera,Canon,black,0.75,255
2176,Camera,Nikon,black,0.75,232
2177,Camera,Nikon,black,0.8,343
2178,Camera,Sony,black,0.95,497
2179,Camera,Panasonic,black,0.65,204
2180,Camera,Panasonic,black,0.65,378
2181,Camera,Canon,black,0.7,211
2182,Camera,Canon,black,0.7,231
2183,Camera,Sony,black,0.7,409
2184,Camera,Canon,black,0.75,361
2185,Camera,Nikon,black,0.75,436
2186,Camera,Nikon,black,0.9,299
2187,Camera,Nikon,black,0.75,333
2188,Camera,Panasonic,black,0.8,430
2189,Camera,Sony,black,0.75,392
2190,Camera,Sony,black,0.6,204
2191,Camera,Panasonic,black,0.8,284
2192,Camera,Canon,black,0.9,313
2193,Camera,Canon,black,0.7,345
2194,Camera,Nikon,black,0.85,287
2195,Camera,Panasonic,black,0.9,539
2196,Camera,Sony,black,0.8,358
2197,Camera,Sony,black,0.9,342
2198,Camera,Sony,black,0.7,236
2199,Camera,Canon,black,0.85,354
2200,Camera,Canon,black,0.65,339
2201,Camera,Sony,black,0.8,438
2202,Camera,Panasonic,black,0.7,305
2203,Camera,Canon,black,0.6,186
2204,Camera,Nikon,black,0.8,394
2205,Camera,Canon,black,0.8,440
2206,Camera,Sony,black,0.6,258
2207,Camera,Nikon,black,0.95,552
2208,Camera,Panasonic,black,0.75,306
2209,Camera,Canon,black,0.6,317
2210,Camera,Nikon,black,0.8,456
2211,Camera,Sony,black,0.9,324
2212,Camera,Nikon,black,0.7,417
2213,Camera,Nikon,black,0.65,289
2214,Camera,Sony,black,0.7,247
2215,Camera,Canon,black,0.7,360
2216,Camera,Panasonic,black,0.85,402
2217,Camera,Nikon,black,0.75,322
2218,Camera,Canon,black,0.75,229
2219,Camera,Sony,black,0.6,321
2220,Camera,Panasonic,black,0.65,358
2221,Camera,Sony,black,0.95,309
2222,Camera,Canon,black,0.95,302
2223,Camera,Canon,black,0.65,359
2224,Camera,Sony,black,0.6,270
2225,Camera,Sony,black,0.75,430
2226,Camera,Panasonic,black,0.85,356
2227,Camera,Nikon,black,0.65,217
2228,Camera,Sony,black,0.8,283
2229,Camera,Nikon,black,0.85,316
2230,Camera,Canon,black,0.6,294
2231,Camera,Nikon,black,0.95,457
2232,Camera,Nikon,black,0.95,314
2233,Camera,Nikon,black,0.9,334
2234,Camera,Panasonic,black,0.9,385
2235,Camera,Sony,black,0.85,312
2236,Camera,Canon,black,0.8,440
2237,Camera,Sony,black,0.9,446
2238,Camera,Sony,black,0.75,342
2239,Camera,Panasonic,black,0.75,359
2240,Camera,Nikon,black,0.8,285
2241,Camera,Sony,black,0.8,302
2242,Camera,Sony,black,0.6,303
2243,Camera,Nikon,black,0.75,352
2244,Camera,Sony,black,0.85,331
2245,Camera,Panasonic,black,0.85,470
2246,Camera,Canon,black,0.65,274
2247,Camera,Panasonic,black,0.85,393
2248,Camera,Sony,black,0.95,285
2249,Camera,Sony,black,0.6,235
2250,Camera,Panasonic,black,0.75,438
2251,Camera,Canon,black,0.65,270
2252,Camera,Canon,black,0.7,269
2253,Camera,Canon,black,0.75,337
2254,Camera,Nikon,black,0.8,467
2255,Camera,Sony,black,0.7,333
2256,Camera,Panasonic,black,0.9,301
2257,Camera,Canon,black,0.8,432
2258,Camera,Sony,black,0.7,218
2259,Camera,Nikon,black,0.6,354
2260,Camera,Canon,black,0.9,471
2261,Camera,Panasonic,black,0.8,263
2262,Camera,Canon,black,0.75,260
2263,Camera,Canon,black,0.75,393
2264,Camera,Sony,black,0.8,463
2265,Camera,Nikon,black,0.8,242
2266,Camera,Canon,black,0.8,260
2267,Camera,Panasonic,black,0.95,481
2268,Camera,Panasonic,black,0.7,407
2269,Camera,Panasonic,black,0.85,355
2270,Camera,Sony,black,0.7,377
2271,Camera,Nikon,black,0.75,292
2272,Camera,Panasonic,black,0.7,223
2273,Camera,Canon,black,0.85,260
2274,Camera,Sony,black,0.7,333
2275,Camera,Sony,black,0.85,394
2276,Camera,Nikon,black,0.75,317
2277,Camera,Canon,black,0.8,476
2278,Camera,Nikon,black,0.9,439
2279,Camera,Nikon,black,0.7,226
2280,Camera,Canon,black,0.75,365
2281,Camera,Panasonic,black,0.6,199
2282,Camera,Nikon,black,0.9,539
2283,Camera,Nikon,black,0.8,455
2284,Camera,Panasonic,black,0.75,411
2285,Camera,Nikon,black,0.6,284
2286,Camera,Nikon,black,0.9,401
2287,Camera,Canon,black,0.95,367
2288,Camera,Panasonic,black,0.7,223
2289,Camera,Canon,black,0.65,209
2290,Camera,Panasonic,black,0.6,199
2291,Camera,Canon,black,0.85,450
2292,Camera,Canon,black,0.75,345
2293,Camera,Panasonic,black,0.7,352
2294,Camera,Canon,black,0.9,277
2295,Camera,Panasonic,black,0.85,366
2296,Camera,Sony,black,0.75,332
2297,Camera,Sony,black,0.6,342
2298,Camera,Nikon,black,0.7,282
2299,Camera,Nikon,black,0.95,529
2300,Camera,Panasonic,black,0.95,359
2301,Camera,Sony,black,0.75,440
2302,Camera,Panasonic,black,0.7,349
2303,Camera,Sony,black,0.7,291
2304,Camera,Sony,black,0.9,284
2305,Camera,Canon,black,0.85,489
2306,Camera,Nikon,black,0.6,322
2307,Camera,Sony,black,0.95,522
2308,Camera,Panasonic,black,0.75,395
2309,Camera,Nikon,black,0.85,494
2310,Camera,Canon,black,0.85,356
2311,Camera,Nikon,black,0.6,265
2312,Camera,Nikon,black,0.7,269
2313,Camera,Nikon,black,0.95,566
2314,Camera,Nikon,black,0.7,244
2315,Camera,Nikon,black,0.75,299
2316,Camera,Panasonic,black,0.75,396
2317,Camera,Sony,black,0.85,465
2318,Camera,Canon,black,0.6,329
2319,Camera,Sony,black,0.7,289
2320,Camera,Panasonic,black,0.8,401
2321,Camera,Canon,black,0.7,302
2322,Camera,Nikon,black,0.75,392
2323,Camera,Canon,black,0.75,419
2324,Camera,Sony,black,0.75,388
2325,Camera,Canon,black,0.6,275
2326,Camera,Nikon,black,0.8,293
2327,Camera,Canon,black,0.9,527
2328,Camera,Sony,black,0.65,352
2329,Camera,Sony,black,0.95,524
2330,Camera,Canon,black,0.85,432
2331,Camera,Canon,black,0.85,502
2332,Camera,Panasonic,black,0.9,304
2333,Camera,Nikon,black,0.6,286
2334,Camera,Panasonic,black,0.65,242
2335,Camera,Sony,black,0.6,340
2336,Camera,Panasonic,black,0.75,317
2337,Camera,Sony,black,0.6,336
2338,Camera,Canon,black,0.85,343
2339,Camera,Nikon,black,0.65,282
2340,Camera,Nikon,black,0.85,449
2341,Camera,Panasonic,black,0.85,337
2342,Camera,Nikon,black,0.8,264
2343,Camera,Sony,black,0.65,287
2344,Camera,Panasonic,black,0.6,319
2345,Camera,Canon,black,0.95,361
2346,Camera,Panasonic,black,0.8,363
2347,Camera,Sony,black,0.7,248
2348,Camera,Nikon,black,0.8,268
2349,Camera,Nikon,black,0.8,410
2350,Camera,Nikon,black,0.7,228
2351,Camera,Canon,black,0.8,265
2352,Camera,Canon,black,0.7,311
2353,Camera,Nikon,black,0.8,439
2354,Camera,Sony,black,0.6,270
2355,Camera,Sony,black,0.65,295
2356,Camera,Sony,black,0.95,322
2357,Camera,Sony,black,0.6,289
2358,Camera,Nikon,black,0.75,380
2359,Camera,Canon,black,0.7,265
2360,Camera,Sony,black,0.95,387
2361,Camera,Nikon,black,0.6,277
2362,Camera,Nikon,black,0.7,257
2363,Camera,Nikon,black,0.6,180
2364,Camera,Nikon,black,0.8,267
2365,Camera,Panasonic,black,0.6,242
2366,Camera,Sony,black,0.8,386
2367,Camera,Nikon,black,0.85,370
2368,Camera,Panasonic,black,0.7,332
2369,Camera,Nikon,black,0.65,205
2370,Camera,Nikon,black,0.8,462
2371,Camera,Nikon,black,0.95,359
2372,Camera,Sony,black,0.8,384
2373,Camera,Nikon,black,0.8,468
2374,Camera,Canon,black,0.65,324
2375,Camera,Sony,black,0.9,531
2376,Camera,Sony,black,0.8,387
2377,Camera,Nikon,black,0.75,353
2378,Camera,Sony,black,0.8,286
2379,Camera,Panasonic,black,0.7,296
2380,Camera,Nikon,black,0.65,204
2381,Camera,Nikon,black,0.7,257
2382,Camera,Sony,black,0.6,332
2383,Camera,Panasonic,black,0.75,302
2384,Camera,Panasonic,black,0.6,248
2385,Camera,Canon,black,0.9,397
2386,Camera,Sony,black,0.8,269
2387,Camera,Sony,black,0.6,327
2388,Camera,Panasonic,black,0.6,287
2389,Camera,Panasonic,black,0.8,253
2390,Camera,Canon,black,0.6,276
2391,Camera,Nikon,black,0.65,242
2392,Camera,Canon,black,0.65,348
2393,Camera,Sony,black,0.65,315
2394,Camera,Nikon,black,0.7,398
2395,Camera,Nikon,black,0.95,451
2396,Camera,Canon,black,0.8,276
2397,Camera,Nikon,black,0.9,310
2398,Camera,Sony,black,0.75,376
2399,Camera,Sony,black,0.85,399
2400,Camera,Panasonic,black,0.75,405
2401,Camera,Nikon,black,0.6,217
2402,Camera,Panasonic,black,0.6,235
2403,Camera,Sony,black,0.9,518
2404,Camera,Nikon,black,0.65,252
2405,Camera,Panasonic,black,0.65,363
2406,Camera,Canon,black,0.7,374
2407,Camera,Nikon,black,0.85,460
2408,Camera,Canon,black,0.75,409
2409,Camera,Panasonic,black,0.75,258
2410,Camera,Panasonic,black,0.7,374
2411,Camera,Sony,black,0.75,281
2412,Camera,Canon,black,0.85,323
2413,Camera,Sony,black,0.75,374
2414,Camera,Sony,black,0.9,415
2415,Camera,Panasonic,black,0.6,312
2416,Camera,Nikon,black,0.85,323
2417,Camera,Canon,black,0.9,315
2418,Camera,Panasonic,black,0.8,296
2419,Camera,Panasonic,black,0.85,428
2420,Camera,Nikon,black,0.8,431
2421,Camera,Sony,black,0.6,217
2422,Camera,Panasonic,black,0.85,507
2423,Camera,Nikon,black,0.95,523
2424,Camera,Nikon,black,0.65,247
2425,Camera,Sony,black,0.9,464
2426,Camera,Nikon,black,0.75,326
2427,Camera,Canon,black,0.6,252
2428,Camera,Panasonic,black,0.65,207
2429,Camera,Canon,black,0.95,528
2430,Camera,Nikon,black,0.85,339
2431,Camera,Canon,black,0.8,269
2432,Camera,Sony,black,0.75,418
2433,Camera,Panasonic,black,0.8,472
2434,Camera,Nikon,black,0.65,298
2435,Camera,Panasonic,black,0.95,516
2436,Camera,Canon,black,0.75,414
2437,Camera,Panasonic,black,0.65,262
2438,Camera,Panasonic,black,0.8,329
2439,Camera,Sony,black,0.95,429
2440,Camera,Sony,black,0.8,277
2441,Camera,Nikon,black,0.8,371
2442,Camera,Panasonic,black,0.8,363
2443,Camera,Sony,black,0.95,425
2444,Camera,Sony,black,0.6,267
2445,Camera,Panasonic,black,0.9,398
2446,Camera,Canon,black,0.95,489
2447,Camera,Canon,black,0.9,494
2448,Camera,Panasonic,black,0.9,464
2449,Camera,Panasonic,black,0.65,334
2450,Camera,Panasonic,black,0.7,272
2451,Camera,Canon,black,0.6,357
2452,Camera,Panasonic,black,0.95,541
2453,Camera,Canon,black,0.95,562
2454,Camera,Canon,black,0.85,484
2455,Camera,Panasonic,black,0.85,472
2456,Camera,Nikon,black,0.7,407
2457,Camera,Sony,black,0.95,528
2458,Camera,Nikon,black,0.9,381
2459,Camera,Panasonic,black,0.7,235
2460,Camera,Canon,black,0.6,226
2461,Camera,Canon,black,0.95,454
2462,Camera,Sony,black,0.65,282
2463,Camera,Canon,black,0.95,559
2464,Camera,Canon,black,0.85,490
2465,Camera,Nikon,black,0.8,285
2466,Camera,Sony,black,0.9,435
2467,Camera,Nikon,black,0.9,417
2468,Camera,Canon,black,0.8,324
2469,Camera,Nikon,black,0.75,242
2470,Camera,Canon,black,0.9,443
2471,Camera,Nikon,black,0.9,521
2472,Camera,Sony,black,0.9,467
2473,Camera,Canon,black,0.6,180
2474,Camera,Nikon,black,0.65,298
2475,Camera,Panasonic,black,0.95,496
2476,Camera,Nikon,black,0.9,493
2477,Camera,Nikon,black,0.6,195
2478,Camera,Nikon,black,0.85,509
2479,Camera,Panasonic,black,0.85,285
2480,Camera,Sony,black,0.85,297
2481,Camera,Sony,black,0.65,337
2482,Camera,Nikon,black,0.75,340
2483,Camera,Canon,black,0.8,349
2484,Camera,Panasonic,black,0.7,395
2485,Camera,Panasonic,black,0.7,260
2486,Camera,Nikon,black,0.6,349
2487,Camera,Sony,black,0.6,317
2488,Camera,Nikon,black,0.65,302
2489,Camera,Panasonic,black,0.75,335
2490,Camera,Nikon,black,0.8,338
2491,Camera,Panasonic,black,0.8,393
2492,Camera,Panasonic,black,0.85,508
2493,Camera,Nikon,black,0.8,354
2494,Camera,Sony,black,0.95,388
2495,Camera,Panasonic,black,0.9,337
2496,Camera,Canon,black,0.9,353
2497,Camera,Panasonic,black,0.65,284
2498,Camera,Nikon,black,0.7,341
2499,Camera,Panasonic,black,0.6,342
2500,Camera,Canon,black,0.95,528
2501,Camera,Nikon,black,0.85,383
2502,Camera,Sony,black,0.75,233
2503,Camera,Panasonic,black,0.85,409
2504,Camera,Nikon,black,0.85,279
2505,Camera,Canon,black,0.6,294
2506,Camera,Nikon,black,0.95,485
2507,Camera,Canon,black,0.85,351
2508,Camera,Canon,black,0.6,268
2509,Camera,Nikon,black,0.9,337
2510,Camera,Panasonic,black,0.75,278
2511,Camera,Canon,black,0.75,234
2512,Camera,Canon,black,0.95,399
2513,Camera,Canon,black,0.6,196
2514,Camera,Panasonic,black,0.7,241
2515,Camera,Sony,black,0.95,303
2516,Camera,Sony,black,0.9,403
2517,Camera,Panasonic,black,0.75,347
2518,Camera,Panasonic,black,0.95,567
2519,Camera,Panasonic,black,0.65,375
2520,Camera,Panasonic,black,0.8,342
2521,Camera,Sony,black,0.8,287
2522,Camera,Canon,black,0.75,303
2523,Camera,Sony,black,0.8,390
2524,Camera,Canon,black,0.75,401
2525,Camera,Sony,black,0.85,394
2526,Camera,Sony,black,0.85,479
2527,Camera,Sony,black,0.65,352
2528,Camera,Sony,black,0.6,228
2529,Camera,Canon,black,0.95,495
2530,Camera,Sony,black,0.6,347
2531,Camera,Sony,black,0.6,300
2532,Camera,Canon,black,0.85,322
2533,Camera,Panasonic,black,0.8,329
2534,Camera,Canon,black,0.65,196
2535,Camera,Nikon,black,0.8,304
2536,Camera,Canon,black,0.9,437
2537,Camera,Nikon,black,0.75,407
2538,Camera,Panasonic,black,0.85,434
2539,Camera,Nikon,black,0.7,369
2540,Camera,Canon,black,0.85,427
2541,Camera,Nikon,black,0.95,379
2542,Camera,Sony,black,0.95,408
2543,Camera,Canon,black,0.9,363
2544,Camera,Sony,black,0.6,230
2545,Camera,Panasonic,black,0.65,356
2546,Camera,Panasonic,black,0.75,443
2547,Camera,Panasonic,black,0.6,290
2548,Camera,Panasonic,black,0.8,327
2549,Camera,Sony,black,0.8,432
2550,Camera,Panasonic,black,0.95,514
2551,Camera,Canon,black,0.65,319
2552,Camera,Panasonic,black,0.85,486
2553,Camera,Sony,black,0.65,227
2554,Camera,Sony,black,0.7,211
2555,Camera,Nikon,black,0.7,277
2556,Camera,Canon,black,0.8,243
2557,Camera,Sony,black,0.6,312
2558,Camera,Panasonic,black,0.95,321
2559,Camera,Sony,black,0.65,260
2560,Camera,Nikon,black,0.9,270
2561,Camera,Sony,black,0.65,307
2562,Camera,Sony,black,0.8,303
2563,Camera,Canon,black,0.65,301
2564,Camera,Panasonic,black,0.8,431
2565,Camera,Canon,black,0.65,373
2566,Camera,Panasonic,black,0.85,445
2567,Camera,Panasonic,black,0.9,522
2568,Camera,Canon,black,0.9,391
2569,Camera,Canon,black,0.85,509
2570,Camera,Sony,black,0.75,284
2571,Camera,Panasonic,black,0.85,349
2572,Camera,Sony,black,0.7,225
2573,Camera,Sony,black,0.65,206
2574,Camera,Panasonic,black,0.75,237
2575,Camera,Nikon,black,0.6,255
2576,Camera,Sony,black,0.8,275
2577,Camera,Canon,black,0.7,258
2578,Camera,Nikon,black,0.85,472
2579,Camera,Canon,black,0.75,300
2580,Camera,Nikon,black,0.9,410
2581,Camera,Sony,black,0.85,405
2582,Camera,Sony,black,0.95,480
2583,Camera,Sony,black,0.6,226
2584,Camera,Canon,black,0.9,442
2585,Camera,Sony,black,0.85,328
2586,Camera,Canon,black,0.9,468
2587,Camera,Canon,black,0.8,315
2588,Camera,Nikon,black,0.85,391
2589,Camera,Panasonic,black,0.75,236
2590,Camera,Panasonic,black,0.9,331
2591,Camera,Panasonic,black,0.75,348
2592,Camera,Panasonic,black,0.7,289
2593,Camera,Nikon,black,0.7,381
2594,Camera,Sony,black,0.85,468
2595,Camera,Canon,black,0.95,376
2596,Camera,Panasonic,black,0.7,401
2597,Camera,Canon,black,0.65,267
2598,Camera,Nikon,black,0.75,411
2599,Camera,Canon,black,0.75,415
2600,Camera,Panasonic,black,0.95,331
2601,Camera,Canon,black,0.85,461
2602,Camera,Nikon,black,0.7,361
2603,Camera,Sony,black,0.65,268
2604,Camera,Panasonic,black,0.7,293
2605,Camera,Panasonic,black,0.75,363
2606,Camera,Panasonic,black,0.9,415
2607,Camera,Canon,black,0.7,341
2608,Camera,Nikon,black,0.7,288
2609,Camera,Nikon,black,0.7,240
2610,Camera,Sony,black,0.9,477
2611,Camera,Panasonic,black,0.9,321
2612,Camera,Canon,black,0.6,349
2613,Camera,Canon,black,0.85,324
2614,Camera,Sony,black,0.65,217
2615,Camera,Panasonic,black,0.8,310
2616,Camera,Sony,black,0.9,510
2617,Camera,Sony,black,0.65,368
2618,Camera,Canon,black,0.95,529
2619,Camera,Canon,black,0.95,562
2620,Camera,Canon,black,0.95,329
2621,Camera,Nikon,black,0.6,262
2622,Camera,Panasonic,black,0.7,350
2623,Camera,Sony,black,0.95,332
2624,Camera,Nikon,black,0.85,397
2625,Camera,Nikon,black,0.65,282
2626,Camera,Nikon,black,0.75,366
2627,Camera,Nikon,black,0.7,381
2628,Camera,Canon,black,0.8,367
2629,Camera,Panasonic,black,0.8,405
2630,Camera,Panasonic,black,0.7,283
2631,Camera,Sony,black,0.95,485
2632,Camera,Panasonic,black,0.65,230
2633,Camera,Sony,black,0.8,304
2634,Camera,Panasonic,black,0.7,216
2635,Camera,Panasonic,black,0.7,251
2636,Camera,Canon,black,0.8,375
2637,Camera,Canon,black,0.65,388
2638,Camera,Nikon,black,0.7,373
2639,Camera,Panasonic,black,0.85,358
2640,Camera,Canon,black,0.75,249
2641,Camera,Panasonic,black,0.8,459
2642,Camera,Panasonic,black,0.65,250
2643,Camera,Sony,black,0.85,470
2644,Camera,Nikon,black,0.75,351
2645,Camera,Nikon,black,0.75,273
2646,Camera,Sony,black,0.8,360
2647,Camera,Panasonic,black,0.8,448
2648,Camera,Canon,black,0.7,256
2649,Camera,Nikon,black,0.75,376
2650,Camera,Nikon,black,0.85,449
2651,Camera,Sony,black,0.7,363
2652,Camera,Sony,black,0.7,417
2653,Camera,Sony,black,0.9,336
2654,Camera,Sony,black,0.8,469
2655,Camera,Nikon,black,0.95,364
2656,Camera,Canon,black,0.8,412
2657,Camera,Nikon,black,0.7,358
2658,Camera,Panasonic,black,0.7,274
2659,Camera,Nikon,black,0.75,246
2660,Camera,Sony,black,0.6,350
2661,Camera,Panasonic,black,0.85,343
2662,Camera,Nikon,black,0.7,221
2663,Camera,Canon,black,0.75,293
2664,Camera,Panasonic,black,0.7,289
2665,Camera,Nikon,black,0.6,267
2666,Camera,Nikon,black,0.75,402
2667,Camera,Canon,black,0.7,241
2668,Camera,Panasonic,black,0.65,333
2669,Camera,Panasonic,black,0.95,352
2670,Camera,Nikon,black,0.95,298
2671,Camera,Nikon,black,0.7,357
2672,Camera,Sony,black,0.85,381
2673,Camera,Panasonic,black,0.75,264
2674,Camera,Canon,black,0.85,487
2675,Camera,Sony,black,0.85,288
2676,Camera,Sony,black,0.75,414
2677,Camera,Panasonic,black,0.7,255
2678,Camera,Panasonic,black,0.8,299
2679,Camera,Panasonic,black,0.95,376
2680,Camera,Nikon,black,0.95,314
2681,Camera,Sony,black,0.85,370
2682,Camera,Panasonic,black,0.95,393
2683,Camera,Nikon,black,0.7,303
2684,Camera,Canon,black,0.85,478
2685,Camera,Canon,black,0.7,327
2686,Camera,Panasonic,black,0.75,267
2687,Camera,Sony,black,0.75,281
2688,Camera,Canon,black,0.85,321
2689,Camera,Canon,black,0.95,540
2690,Camera,Canon,black,0.6,244
2691,Camera,Sony,black,0.9,512
2692,Camera,Nikon,black,0.7,369
2693,Camera,Canon,black,0.85,379
2694,Camera,Panasonic,black,0.75,381
2695,Camera,Canon,black,0.9,273
2696,Camera,Panasonic,black,0.95,446
2697,Camera,Canon,black,0.7,311
2698,Camera,Canon,black,0.85,336
2699,Camera,Sony,black,0.95,343
2700,Camera,Sony,black,0.75,434
2701,Camera,Canon,black,0.8,372
2702,Camera,Sony,black,0.7,262
2703,Camera,Canon,black,0.85,279
2704,Camera,Nikon,black,0.7,243
2705,Camera,Canon,black,0.9,270
2706,Camera,Nikon,black,0.6,329
2707,Camera,Canon,black,0.6,332
2708,Camera,Panasonic,black,0.8,426
2709,Camera,Canon,black,0.8,465
2710,Camera,Panasonic,black,0.85,428
2711,Camera,Panasonic,black,0.85,479
2712,Camera,Panasonic,black,0.7,218
2713,Camera,Sony,black,0.9,516
2714,Camera,Panasonic,black,0.9,365
2715,Camera,Nikon,black,0.95,370
2716,Camera,Sony,black,0.9,505
2717,Camera,Sony,black,0.9,296
2718,Camera,Canon,black,0.95,285
2719,Camera,Panasonic,black,0.95,410
2720,Camera,Nikon,black,0.65,334
2721,Camera,Panasonic,black,0.8,270
2722,Camera,Canon,black,0.95,349
2723,Camera,Canon,black,0.95,362
2724,Camera,Panasonic,black,0.95,553
2725,Camera,Canon,black,0.6,250
2726,Camera,Panasonic,black,0.75,414
2727,Camera,Panasonic,black,0.65,221
2728,Camera,Sony,black,0.65,228
2729,Camera,Panasonic,black,0.95,555
2730,Camera,Panasonic,black,0.8,353
2731,Camera,Panasonic,black,0.95,521
2732,Camera,Panasonic,black,0.75,428
2733,Camera,Sony,black,0.7,341
2734,Camera,Sony,black,0.85,305
2735,Camera,Panasonic,black,0.7,366
2736,Camera,Nikon,black,0.9,373
2737,Camera,Nikon,black,0.65,324
2738,Camera,Canon,black,0.9,494
2739,Camera,Nikon,black,0.65,228
2740,Camera,Canon,black,0.85,320
2741,Camera,Nikon,black,0.7,352
2742,Camera,Sony,black,0.6,340
2743,Camera,Canon,black,0.9,293
2744,Camera,Sony,black,0.75,250
2745,Camera,Panasonic,black,0.8,454
2746,Camera,Sony,black,0.8,347
2747,Camera,Panasonic,black,0.8,356
2748,Camera,Nikon,black,0.95,395
2749,Camera,Nikon,black,0.95,383
2750,Camera,Canon,black,0.6,245
2751,Camera,Nikon,black,0.6,263
2752,Camera,Nikon,black,0.9,459
2753,Camera,Nikon,black,0.7,312
2754,Camera,Canon,black,0.7,394
2755,Camera,Sony,black,0.95,507
2756,Camera,Sony,black,0.9,478
2757,Camera,Sony,black,0.9,416
2758,Camera,Canon,black,0.65,206
2759,Camera,Panasonic,black,0.85,407
2760,Camera,Sony,black,0.7,407
2761,Camera,Sony,black,0.9,433
2762,Camera,Nikon,black,0.95,443
2763,Camera,Panasonic,black,0.95,318
2764,Camera,Panasonic,black,0.8,408
2765,Camera,Panasonic,black,0.6,261
2766,Camera,Panasonic,black,0.85,464
2767,Camera,Canon,black,0.85,492
2768,Camera,Panasonic,black,0.8,248
2769,Camera,Sony,black,0.7,288
2770,Camera,Panasonic,black,0.75,313
2771,Camera,Canon,black,0.65,327
2772,Camera,Canon,black,0.7,307
2773,Camera,Canon,black,0.6,203
2774,Camera,Panasonic,black,0.6,262
2775,Camera,Nikon,black,0.8,393
2776,Camera,Nikon,black,0.65,216
2777,Camera,Canon,black,0.75,264
2778,Camera,Panasonic,black,0.85,419
2779,Camera,Panasonic,black,0.85,406
2780,Camera,Panasonic,black,0.75,402
2781,Camera,Sony,black,0.75,414
2782,Camera,Sony,black,0.6,358
2783,Camera,Nikon,black,0.65,316
2784,Camera,Sony,black,0.6,342
2785,Camera,Sony,black,0.85,467
2786,Camera,Canon,black,0.7,317
2787,Camera,Nikon,black,0.95,469
2788,Camera,Panasonic,black,0.95,404
2789,Camera,Sony,black,0.95,545
2790,Camera,Panasonic,black,0.9,385
2791,Camera,Sony,black,0.7,389
2792,Camera,Sony,black,0.65,361
2793,Camera,Canon,black,0.9,479
2794,Camera,Panasonic,black,0.7,254
2795,Camera,Sony,black,0.7,321
2796,Camera,Nikon,black,0.95,327
2797,Camera,Panasonic,black,0.9,280
2798,Camera,Nikon,black,0.6,300
2799,Camera,Nikon,black,0.75,246
2800,Camera,Canon,black,0.6,252
2801,Camera,Canon,black,0.6,205
2802,Camera,Panasonic,black,0.9,288
2803,Camera,Panasonic,black,0.8,318
2804,Camera,Canon,black,0.65,364
2805,Camera,Canon,black,0.6,358
2806,Camera,Canon,black,0.7,345
2807,Camera,Panasonic,black,0.8,341
2808,Camera,Nikon,black,0.6,283
2809,Camera,Nikon,black,0.75,317
2810,Camera,Sony,black,0.75,310
2811,Camera,Canon,black,0.8,353
2812,Camera,Panasonic,black,0.7,279
2813,Camera,Panasonic,black,0.7,374
2814,Camera,Sony,black,0.75,357
2815,Camera,Panasonic,black,0.8,333
2816,Camera,Sony,black,0.75,266
2817,Camera,Panasonic,black,0.65,210
2818,Camera,Sony,black,0.7,248
2819,Camera,Nikon,black,0.75,333
2820,Camera,Sony,black,0.75,424
2821,Camera,Nikon,black,0.9,486
2822,Camera,Canon,black,0.8,414
2823,Camera,Nikon,black,0.6,217
2824,Camera,Sony,black,0.8,399
2825,Camera,Nikon,black,0.75,372
2826,Camera,Panasonic,black,0.7,222
2827,Camera,Sony,black,0.9,301
2828,Camera,Canon,black,0.9,524
2829,Camera,Canon,black,0.7,253
2830,Camera,Canon,black,0.75,437
2831,Camera,Panasonic,black,0.95,367
2832,Camera,Sony,black,0.6,212
2833,Camera,Sony,black,0.9,401
2834,Camera,Nikon,black,0.9,498
2835,Camera,Canon,black,0.9,272
2836,Camera,Nikon,black,0.9,415
2837,Camera,Panasonic,black,0.7,350
2838,Camera,Panasonic,black,0.95,476
2839,Camera,Panasonic,black,0.75,255
2840,Camera,Panasonic,black,0.9,504
2841,Camera,Sony,black,0.7,256
2842,Camera,Panasonic,black,0.65,244
2843,Camera,Sony,black,0.65,286
2844,Camera,Nikon,black,0.6,272
2845,Camera,Canon,black,0.8,446
2846,Camera,Nikon,black,0.65,268
2847,Camera,Canon,black,0.7,289
2848,Camera,Panasonic,black,0.75,421
2849,Camera,Panasonic,black,0.6,214
2850,Camera,Panasonic,black,0.6,252
2851,Camera,Panasonic,black,0.65,312
2852,Camera,Canon,black,0.75,446
2853,Camera,Nikon,black,0.65,321
2854,Camera,Nikon,black,0.65,216
2855,Camera,Panasonic,black,0.6,261
2856,Camera,Nikon,black,0.9,386
2857,Camera,Panasonic,black,0.9,502
2858,Camera,Nikon,black,0.75,378
2859,Camera,Nikon,black,0.8,291
2860,Camera,Panasonic,black,0.7,253
2861,Camera,Sony,black,0.9,338
2862,Camera,Nikon,black,0.6,354
2863,Camera,Sony,black,0.8,269
2864,Camera,Panasonic,black,0.75,417
2865,Camera,Panasonic,black,0.95,504
2866,Camera,Sony,black,0.75,386
2867,Camera,Sony,black,0.65,248
2868,Camera,Sony,black,0.6,198
2869,Camera,Sony,black,0.65,335
2870,Camera,Nikon,black,0.85,434
2871,Camera,Canon,black,0.75,286
2872,Camera,Nikon,black,0.7,258
2873,Camera,Canon,black,0.85,497
2874,Camera,Nikon,black,0.8,406
2875,Camera,Nikon,black,0.85,257
2876,Camera,Sony,black,0.95,288
2877,Camera,Nikon,black,0.85,470
2878,Camera,Nikon,black,0.95,510
2879,Camera,Panasonic,black,0.75,416
2880,Camera,Sony,black,0.85,288
2881,Camera,Nikon,black,0.75,416
2882,Camera,Canon,black,0.6,237
2883,Camera,Nikon,black,0.9,331
2884,Camera,Canon,black,0.7,233
2885,Camera,Panasonic,black,0.8,280
2886,Camera,Panasonic,black,0.95,539
2887,Camera,Panasonic,black,0.8,379
2888,Camera,Canon,black,0.8,283
2889,Camera,Sony,black,0.65,385
2890,Camera,Panasonic,black,0.6,220
2891,Camera,Sony,black,0.75,428
2892,Camera,Nikon,black,0.8,475
2893,Camera,Nikon,black,0.9,348
2894,Camera,Canon,black,0.85,288
2895,Camera,Panasonic,black,0.65,208
2896,Camera,Sony,black,0.75,389
2897,Camera,Canon,black,0.6,302
2898,Camera,Canon,black,0.6,281
2899,Camera,Nikon,black,0.75,280
2900,Camera,Canon,black,0.8,463
2901,Camera,Panasonic,black,0.8,342
2902,Camera,Sony,black,0.85,452
2903,Camera,Sony,black,0.95,428
2904,Camera,Canon,black,0.8,372
2905,Camera,Panasonic,black,0.95,451
2906,Camera,Sony,black,0.7,297
2907,Camera,Sony,black,0.8,454
2908,Camera,Canon,black,0.65,267
2909,Camera,Nikon,black,0.7,365
2910,Camera,Panasonic,black,0.7,377
2911,Camera,Panasonic,black,0.65,329
2912,Camera,Panasonic,black,0.6,359
2913,Camera,Nikon,black,0.75,239
2914,Camera,Canon,black,0.95,398
2915,Camera,Canon,black,0.6,208
2916,Camera,Panasonic,black,0.85,321
2917,Camera,Canon,black,0.8,397
2918,Camera,Panasonic,black,0.65,295
2919,Camera,Nikon,black,0.6,238
2920,Camera,Canon,black,0.7,385
2921,Camera,Canon,black,0.65,195
2922,Camera,Canon,black,0.65,290
2923,Camera,Panasonic,black,0.75,438
2924,Camera,Sony,black,0.9,423
2925,Camera,Panasonic,black,0.6,228
2926,Camera,Panasonic,black,0.6,353
2927,Camera,Nikon,black,0.95,322
2928,Camera,Panasonic,black,0.7,367
2929,Camera,Sony,black,0.95,547
2930,Camera,Canon,black,0.8,449
2931,Camera,Panasonic,black,0.9,315
2932,Camera,Nikon,black,0.75,299
2933,Camera,Sony,black,0.8,283
2934,Camera,Panasonic,black,0.9,378
2935,Camera,Canon,black,0.75,382
2936,Camera,Canon,black,0.85,441
2937,Camera,Sony,black,0.9,289
2938,Camera,Panasonic,black,0.8,440
2939,Camera,Canon,black,0.75,378
2940,Camera,Panasonic,black,0.95,360
2941,Camera,Sony,black,0.9,354
2942,Camera,Canon,black,0.65,321
2943,Camera,Canon,black,0.75,372
2944,Camera,Canon,black,0.75,281
2945,Camera,Canon,black,0.6,264
2946,Camera,Sony,black,0.85,275
2947,Camera,Sony,black,0.8,472
2948,Camera,Nikon,black,0.85,384
2949,Camera,Nikon,black,0.85,478
2950,Camera,Nikon,black,0.7,314
2951,Camera,Sony,black,0.65,334
2952,Camera,Panasonic,black,0.9,324
2953,Camera,Panasonic,black,0.85,456
2954,Camera,Sony,black,0.8,300
2955,Camera,Sony,black,0.75,336
2956,Camera,Sony,black,0.8,388
2957,Camera,Nikon,black,0.8,406
2958,Camera,Sony,black,0.9,313
2959,Camera,Nikon,black,0.6,220
2960,Camera,Nikon,black,0.65,364
2961,Camera,Canon,black,0.9,339
2962,Camera,Sony,black,0.8,345
2963,Camera,Sony,black,0.9,328
2964,Camera,Nikon,black,0.7,345
2965,Camera,Nikon,black,0.65,373
2966,Camera,Panasonic,black,0.95,314
2967,Camera,Panasonic,black,0.85,459
2968,Camera,Canon,black,0.85,270
2969,Camera,Nikon,black,0.95,458
2970,Camera,Canon,black,0.9,491
2971,Camera,Canon,black,0.65,326
2972,Camera,Panasonic,black,0.95,537
2973,Camera,Panasonic,black,0.9,289
2974,Camera,Nikon,black,0.75,367
2975,Camera,Nikon,black,0.6,238
2976,Camera,Panasonic,black,0.85,441
2977,Camera,Canon,black,0.8,356
2978,Camera,Sony,black,0.75,293
2979,Camera,Nikon,black,0.9,525
2980,Camera,Sony,black,0.85,355
2981,Camera,Nikon,black,0.9,352
2982,Camera,Panasonic,black,0.8,467
2983,Camera,Panasonic,black,0.95,368
2984,Camera,Sony,black,0.65,338
2985,Camera,Sony,black,0.7,333
2986,Camera,Canon,black,0.6,289
2987,Camera,Sony,black,0.6,230
2988,Camera,Canon,black,0.95,365
2989,Camera,Panasonic,black,0.7,255
2990,Camera,Canon,black,0.65,205
